INSERT INTO menu_item (menuID,price) VALUES (1,'$38.14');
INSERT INTO menu_item (menuID,price) VALUES (2,'$11.35');
INSERT INTO menu_item (menuID,price) VALUES (3,'$99.76');
INSERT INTO menu_item (menuID,price) VALUES (4,'$98.10');
INSERT INTO menu_item (menuID,price) VALUES (5,'$54.90');
INSERT INTO menu_item (menuID,price) VALUES (6,'$38.50');
INSERT INTO menu_item (menuID,price) VALUES (7,'$11.79');
INSERT INTO menu_item (menuID,price) VALUES (8,'$7.75');
INSERT INTO menu_item (menuID,price) VALUES (9,'$35.24');
INSERT INTO menu_item (menuID,price) VALUES (10,'$55.02');
INSERT INTO menu_item (menuID,price) VALUES (11,'$30.28');
INSERT INTO menu_item (menuID,price) VALUES (12,'$94.87');
INSERT INTO menu_item (menuID,price) VALUES (13,'$92.81');
INSERT INTO menu_item (menuID,price) VALUES (14,'$11.57');
INSERT INTO menu_item (menuID,price) VALUES (15,'$84.71');
INSERT INTO menu_item (menuID,price) VALUES (16,'$7.84');
INSERT INTO menu_item (menuID,price) VALUES (17,'$29.61');
INSERT INTO menu_item (menuID,price) VALUES (18,'$11.99');
INSERT INTO menu_item (menuID,price) VALUES (19,'$83.45');
INSERT INTO menu_item (menuID,price) VALUES (20,'$67.26');
INSERT INTO menu_item (menuID,price) VALUES (21,'$90.82');
INSERT INTO menu_item (menuID,price) VALUES (22,'$85.95');
INSERT INTO menu_item (menuID,price) VALUES (23,'$76.08');
INSERT INTO menu_item (menuID,price) VALUES (24,'$77.29');
INSERT INTO menu_item (menuID,price) VALUES (25,'$26.61');
INSERT INTO menu_item (menuID,price) VALUES (26,'$12.29');
INSERT INTO menu_item (menuID,price) VALUES (27,'$43.23');
INSERT INTO menu_item (menuID,price) VALUES (28,'$12.56');
INSERT INTO menu_item (menuID,price) VALUES (29,'$24.04');
INSERT INTO menu_item (menuID,price) VALUES (30,'$99.78');
INSERT INTO menu_item (menuID,price) VALUES (31,'$66.05');
INSERT INTO menu_item (menuID,price) VALUES (32,'$95.02');
INSERT INTO menu_item (menuID,price) VALUES (33,'$36.34');
INSERT INTO menu_item (menuID,price) VALUES (34,'$10.72');
INSERT INTO menu_item (menuID,price) VALUES (35,'$27.85');
INSERT INTO menu_item (menuID,price) VALUES (36,'$70.83');
INSERT INTO menu_item (menuID,price) VALUES (37,'$54.98');
INSERT INTO menu_item (menuID,price) VALUES (38,'$6.91');
INSERT INTO menu_item (menuID,price) VALUES (39,'$91.64');
INSERT INTO menu_item (menuID,price) VALUES (40,'$98.17');
INSERT INTO menu_item (menuID,price) VALUES (41,'$69.55');
INSERT INTO menu_item (menuID,price) VALUES (42,'$19.47');
INSERT INTO menu_item (menuID,price) VALUES (43,'$34.84');
INSERT INTO menu_item (menuID,price) VALUES (44,'$70.21');
INSERT INTO menu_item (menuID,price) VALUES (45,'$19.62');
INSERT INTO menu_item (menuID,price) VALUES (46,'$27.02');
INSERT INTO menu_item (menuID,price) VALUES (47,'$42.93');
INSERT INTO menu_item (menuID,price) VALUES (48,'$78.78');
INSERT INTO menu_item (menuID,price) VALUES (49,'$23.93');
INSERT INTO menu_item (menuID,price) VALUES (50,'$47.09');
INSERT INTO menu_item (menuID,price) VALUES (51,'$92.13');
INSERT INTO menu_item (menuID,price) VALUES (52,'$41.20');
INSERT INTO menu_item (menuID,price) VALUES (53,'$35.55');
INSERT INTO menu_item (menuID,price) VALUES (54,'$42.22');
INSERT INTO menu_item (menuID,price) VALUES (55,'$39.82');
INSERT INTO menu_item (menuID,price) VALUES (56,'$13.93');
INSERT INTO menu_item (menuID,price) VALUES (57,'$18.65');
INSERT INTO menu_item (menuID,price) VALUES (58,'$19.94');
INSERT INTO menu_item (menuID,price) VALUES (59,'$64.98');
INSERT INTO menu_item (menuID,price) VALUES (60,'$84.81');
INSERT INTO menu_item (menuID,price) VALUES (61,'$57.43');
INSERT INTO menu_item (menuID,price) VALUES (62,'$65.90');
INSERT INTO menu_item (menuID,price) VALUES (63,'$1.12');
INSERT INTO menu_item (menuID,price) VALUES (64,'$38.67');
INSERT INTO menu_item (menuID,price) VALUES (65,'$33.26');
INSERT INTO menu_item (menuID,price) VALUES (66,'$83.00');
INSERT INTO menu_item (menuID,price) VALUES (67,'$75.89');
INSERT INTO menu_item (menuID,price) VALUES (68,'$40.34');
INSERT INTO menu_item (menuID,price) VALUES (69,'$56.49');
INSERT INTO menu_item (menuID,price) VALUES (70,'$49.15');
INSERT INTO menu_item (menuID,price) VALUES (71,'$50.50');
INSERT INTO menu_item (menuID,price) VALUES (72,'$92.53');
INSERT INTO menu_item (menuID,price) VALUES (73,'$49.42');
INSERT INTO menu_item (menuID,price) VALUES (74,'$73.48');
INSERT INTO menu_item (menuID,price) VALUES (75,'$25.73');
INSERT INTO menu_item (menuID,price) VALUES (76,'$16.08');
INSERT INTO menu_item (menuID,price) VALUES (77,'$11.54');
INSERT INTO menu_item (menuID,price) VALUES (78,'$93.49');
INSERT INTO menu_item (menuID,price) VALUES (79,'$77.88');
INSERT INTO menu_item (menuID,price) VALUES (80,'$18.04');
INSERT INTO menu_item (menuID,price) VALUES (81,'$93.45');
INSERT INTO menu_item (menuID,price) VALUES (82,'$61.31');
INSERT INTO menu_item (menuID,price) VALUES (83,'$30.62');
INSERT INTO menu_item (menuID,price) VALUES (84,'$21.92');
INSERT INTO menu_item (menuID,price) VALUES (85,'$90.70');
INSERT INTO menu_item (menuID,price) VALUES (86,'$78.41');
INSERT INTO menu_item (menuID,price) VALUES (87,'$5.10');
INSERT INTO menu_item (menuID,price) VALUES (88,'$96.39');
INSERT INTO menu_item (menuID,price) VALUES (89,'$94.02');
INSERT INTO menu_item (menuID,price) VALUES (90,'$7.40');
INSERT INTO menu_item (menuID,price) VALUES (91,'$60.34');
INSERT INTO menu_item (menuID,price) VALUES (92,'$2.33');
INSERT INTO menu_item (menuID,price) VALUES (93,'$18.55');
INSERT INTO menu_item (menuID,price) VALUES (94,'$98.59');
INSERT INTO menu_item (menuID,price) VALUES (95,'$99.72');
INSERT INTO menu_item (menuID,price) VALUES (96,'$35.21');
INSERT INTO menu_item (menuID,price) VALUES (97,'$17.35');
INSERT INTO menu_item (menuID,price) VALUES (98,'$91.09');
INSERT INTO menu_item (menuID,price) VALUES (99,'$8.70');
INSERT INTO menu_item (menuID,price) VALUES (100,'$26.08');

INSERT INTO food(foodID,name,category,menuID) VALUES(100,' gyro wrap ',' appetizers ',1);
INSERT INTO food(foodID,name,category,menuID) VALUES(101,' steak ',' bar food',2);
INSERT INTO food(foodID,name,category,menuID) VALUES(102,'hamburger ',' appetizers ',3);
INSERT INTO food(foodID,name,category,menuID) VALUES(103,' steak ',' bar food',4);
INSERT INTO food(foodID,name,category,menuID) VALUES(104,' wings ',' entrees ',5);
INSERT INTO food(foodID,name,category,menuID) VALUES(105,' oysters ','sandwiches ',6);
INSERT INTO food(foodID,name,category,menuID) VALUES(106,'hamburger ',' bar food',7);
INSERT INTO food(foodID,name,category,menuID) VALUES(107,' wings ',' bar food',8);
INSERT INTO food(foodID,name,category,menuID) VALUES(108,' ribs ',' appetizers ',9);
INSERT INTO food(foodID,name,category,menuID) VALUES(109,' steak ','sandwiches ',10);
INSERT INTO food(foodID,name,category,menuID) VALUES(110,' ribs ',' bar food',11);
INSERT INTO food(foodID,name,category,menuID) VALUES(111,' oysters ','sandwiches ',12);
INSERT INTO food(foodID,name,category,menuID) VALUES(112,' wings ',' appetizers ',13);
INSERT INTO food(foodID,name,category,menuID) VALUES(113,' wings ','sandwiches ',14);
INSERT INTO food(foodID,name,category,menuID) VALUES(114,' wings ','sandwiches ',15);
INSERT INTO food(foodID,name,category,menuID) VALUES(115,' wings ',' entrees ',16);
INSERT INTO food(foodID,name,category,menuID) VALUES(116,' grilled salmon ',' appetizers ',17);
INSERT INTO food(foodID,name,category,menuID) VALUES(117,' cheeseburger ','sandwiches ',18);
INSERT INTO food(foodID,name,category,menuID) VALUES(118,' BBQ sandwich ','sandwiches ',19);
INSERT INTO food(foodID,name,category,menuID) VALUES(119,'hamburger ','sandwiches ',20);
INSERT INTO food(foodID,name,category,menuID) VALUES(120,' wings ',' entrees ',21);
INSERT INTO food(foodID,name,category,menuID) VALUES(121,' cheeseburger ',' bar food',22);
INSERT INTO food(foodID,name,category,menuID) VALUES(122,' spaghetti ','sandwiches ',23);
INSERT INTO food(foodID,name,category,menuID) VALUES(123,' wings ','sandwiches ',24);
INSERT INTO food(foodID,name,category,menuID) VALUES(124,' wings ',' appetizers ',25);
INSERT INTO food(foodID,name,category,menuID) VALUES(125,' steak ',' entrees ',26);
INSERT INTO food(foodID,name,category,menuID) VALUES(126,' grilled salmon ',' appetizers ',27);
INSERT INTO food(foodID,name,category,menuID) VALUES(127,' chicken sandwich ',' bar food',28);
INSERT INTO food(foodID,name,category,menuID) VALUES(128,' grilled salmon ',' bar food',29);
INSERT INTO food(foodID,name,category,menuID) VALUES(129,' grilled salmon ','sandwiches ',30);
INSERT INTO food(foodID,name,category,menuID) VALUES(130,' french fries ',' appetizers ',31);
INSERT INTO food(foodID,name,category,menuID) VALUES(131,' wings ',' bar food',32);
INSERT INTO food(foodID,name,category,menuID) VALUES(132,' onion rings',' appetizers ',33);
INSERT INTO food(foodID,name,category,menuID) VALUES(133,' gyro wrap ',' appetizers ',34);
INSERT INTO food(foodID,name,category,menuID) VALUES(134,' chicken sandwich ',' appetizers ',35);
INSERT INTO food(foodID,name,category,menuID) VALUES(135,' chicken sandwich ',' entrees ',36);
INSERT INTO food(foodID,name,category,menuID) VALUES(136,' spaghetti ',' bar food',37);
INSERT INTO food(foodID,name,category,menuID) VALUES(137,' shrimp cocktail ',' bar food',38);
INSERT INTO food(foodID,name,category,menuID) VALUES(138,' onion rings',' bar food',39);
INSERT INTO food(foodID,name,category,menuID) VALUES(139,' shrimp cocktail ',' bar food',40);
INSERT INTO food(foodID,name,category,menuID) VALUES(140,' shrimp cocktail ','sandwiches ',41);
INSERT INTO food(foodID,name,category,menuID) VALUES(141,' wings ',' appetizers ',42);
INSERT INTO food(foodID,name,category,menuID) VALUES(142,' cheeseburger ',' appetizers ',43);
INSERT INTO food(foodID,name,category,menuID) VALUES(143,' chicken sandwich ',' bar food',44);
INSERT INTO food(foodID,name,category,menuID) VALUES(144,' shrimp cocktail ','sandwiches ',45);
INSERT INTO food(foodID,name,category,menuID) VALUES(145,' cheeseburger ','sandwiches ',46);
INSERT INTO food(foodID,name,category,menuID) VALUES(146,' onion rings','sandwiches ',47);
INSERT INTO food(foodID,name,category,menuID) VALUES(147,'hamburger ',' bar food',48);
INSERT INTO food(foodID,name,category,menuID) VALUES(148,' oysters ',' entrees ',49);
INSERT INTO food(foodID,name,category,menuID) VALUES(149,' ribs ',' bar food',50);
INSERT INTO food(foodID,name,category,menuID) VALUES(150,' onion rings',' bar food',51);
INSERT INTO food(foodID,name,category,menuID) VALUES(151,' grilled salmon ',' entrees ',52);
INSERT INTO food(foodID,name,category,menuID) VALUES(152,' ribs ',' entrees ',53);
INSERT INTO food(foodID,name,category,menuID) VALUES(153,' oysters ',' bar food',54);
INSERT INTO food(foodID,name,category,menuID) VALUES(154,' gyro wrap ',' entrees ',55);
INSERT INTO food(foodID,name,category,menuID) VALUES(155,' chicken sandwich ','sandwiches ',56);
INSERT INTO food(foodID,name,category,menuID) VALUES(156,' BBQ sandwich ','sandwiches ',57);
INSERT INTO food(foodID,name,category,menuID) VALUES(157,' spaghetti ',' appetizers ',58);
INSERT INTO food(foodID,name,category,menuID) VALUES(158,' ribs ',' entrees ',59);
INSERT INTO food(foodID,name,category,menuID) VALUES(159,' french fries ',' bar food',60);
INSERT INTO food(foodID,name,category,menuID) VALUES(160,' shrimp cocktail ',' bar food',61);
INSERT INTO food(foodID,name,category,menuID) VALUES(161,' cheeseburger ',' bar food',62);
INSERT INTO food(foodID,name,category,menuID) VALUES(162,' chicken sandwich ',' entrees ',63);
INSERT INTO food(foodID,name,category,menuID) VALUES(163,' oysters ',' bar food',64);
INSERT INTO food(foodID,name,category,menuID) VALUES(164,' grilled salmon ',' appetizers ',65);
INSERT INTO food(foodID,name,category,menuID) VALUES(165,' onion rings','sandwiches ',66);
INSERT INTO food(foodID,name,category,menuID) VALUES(166,' shrimp cocktail ','sandwiches ',67);
INSERT INTO food(foodID,name,category,menuID) VALUES(167,' steak ',' entrees ',68);
INSERT INTO food(foodID,name,category,menuID) VALUES(168,' onion rings',' bar food',69);
INSERT INTO food(foodID,name,category,menuID) VALUES(169,' french fries ','sandwiches ',70);
INSERT INTO food(foodID,name,category,menuID) VALUES(170,' ribs ',' appetizers ',71);
INSERT INTO food(foodID,name,category,menuID) VALUES(171,' chicken sandwich ',' entrees ',72);
INSERT INTO food(foodID,name,category,menuID) VALUES(172,' wings ','sandwiches ',73);
INSERT INTO food(foodID,name,category,menuID) VALUES(173,' cheeseburger ',' bar food',74);
INSERT INTO food(foodID,name,category,menuID) VALUES(174,' ribs ',' entrees ',75);
INSERT INTO food(foodID,name,category,menuID) VALUES(175,' steak ','sandwiches ',76);
INSERT INTO food(foodID,name,category,menuID) VALUES(176,' steak ','sandwiches ',77);
INSERT INTO food(foodID,name,category,menuID) VALUES(177,' french fries ','sandwiches ',78);
INSERT INTO food(foodID,name,category,menuID) VALUES(178,'hamburger ',' entrees ',79);
INSERT INTO food(foodID,name,category,menuID) VALUES(179,' grilled salmon ',' bar food',80);
INSERT INTO food(foodID,name,category,menuID) VALUES(180,' BBQ sandwich ','sandwiches ',81);
INSERT INTO food(foodID,name,category,menuID) VALUES(181,' cheeseburger ',' appetizers ',82);
INSERT INTO food(foodID,name,category,menuID) VALUES(182,' cheeseburger ',' entrees ',83);
INSERT INTO food(foodID,name,category,menuID) VALUES(183,' onion rings',' entrees ',84);
INSERT INTO food(foodID,name,category,menuID) VALUES(184,' french fries ',' appetizers ',85);
INSERT INTO food(foodID,name,category,menuID) VALUES(185,' oysters ','sandwiches ',86);
INSERT INTO food(foodID,name,category,menuID) VALUES(186,'hamburger ','sandwiches ',87);
INSERT INTO food(foodID,name,category,menuID) VALUES(187,' chicken sandwich ',' appetizers ',88);
INSERT INTO food(foodID,name,category,menuID) VALUES(188,'hamburger ',' entrees ',89);
INSERT INTO food(foodID,name,category,menuID) VALUES(189,' shrimp cocktail ','sandwiches ',90);
INSERT INTO food(foodID,name,category,menuID) VALUES(190,' spaghetti ',' appetizers ',91);
INSERT INTO food(foodID,name,category,menuID) VALUES(191,' grilled salmon ','sandwiches ',92);
INSERT INTO food(foodID,name,category,menuID) VALUES(192,' cheeseburger ',' appetizers ',93);
INSERT INTO food(foodID,name,category,menuID) VALUES(193,' french fries ','sandwiches ',94);
INSERT INTO food(foodID,name,category,menuID) VALUES(194,' gyro wrap ',' entrees ',95);
INSERT INTO food(foodID,name,category,menuID) VALUES(195,' wings ',' bar food',96);
INSERT INTO food(foodID,name,category,menuID) VALUES(196,' shrimp cocktail ','sandwiches ',97);
INSERT INTO food(foodID,name,category,menuID) VALUES(197,' french fries ',' entrees ',98);
INSERT INTO food(foodID,name,category,menuID) VALUES(198,' steak ',' appetizers ',99);
INSERT INTO food(foodID,name,category,menuID) VALUES(199,' chicken sandwich ',' bar food',100);

INSERT INTO drink(drinkID,name,category,menuID) VALUES(100,' Sweet Tea ',' Beer',1);
INSERT INTO drink(drinkID,name,category,menuID) VALUES(101,' Coffee ','Soda ',2);
INSERT INTO drink(drinkID,name,category,menuID) VALUES(102,' Guinness ',' Tea ',3);
INSERT INTO drink(drinkID,name,category,menuID) VALUES(103,' Lagunitas IPA',' Beer',4);
INSERT INTO drink(drinkID,name,category,menuID) VALUES(104,' Margharita ',' Mixed Drink ',5);
INSERT INTO drink(drinkID,name,category,menuID) VALUES(105,' Angry Orchard Hard Cider ',' Beer',6);
INSERT INTO drink(drinkID,name,category,menuID) VALUES(106,' Guinness ','Soda ',7);
INSERT INTO drink(drinkID,name,category,menuID) VALUES(107,' Bloody Mary ',' Tea ',8);
INSERT INTO drink(drinkID,name,category,menuID) VALUES(108,' Miller Lite ',' Tea ',9);
INSERT INTO drink(drinkID,name,category,menuID) VALUES(109,' Sprite ',' Beer',10);
INSERT INTO drink(drinkID,name,category,menuID) VALUES(110,' Budweiser ',' Mixed Drink ',11);
INSERT INTO drink(drinkID,name,category,menuID) VALUES(111,' Martini ',' Beer',12);
INSERT INTO drink(drinkID,name,category,menuID) VALUES(112,' Sweet Tea ','Soda ',13);
INSERT INTO drink(drinkID,name,category,menuID) VALUES(113,' Angry Orchard Hard Cider ',' Tea ',14);
INSERT INTO drink(drinkID,name,category,menuID) VALUES(114,' Hot Chocolate ',' Mixed Drink ',15);
INSERT INTO drink(drinkID,name,category,menuID) VALUES(115,' Coffee ','Soda ',16);
INSERT INTO drink(drinkID,name,category,menuID) VALUES(116,' Powerade ',' Tea ',17);
INSERT INTO drink(drinkID,name,category,menuID) VALUES(117,' Lagunitas IPA','Soda ',18);
INSERT INTO drink(drinkID,name,category,menuID) VALUES(118,' Hot Tea ','Soda ',19);
INSERT INTO drink(drinkID,name,category,menuID) VALUES(119,' Bloody Mary ',' Mixed Drink ',20);
INSERT INTO drink(drinkID,name,category,menuID) VALUES(120,' Guinness ',' Beer',21);
INSERT INTO drink(drinkID,name,category,menuID) VALUES(121,' Bloody Mary ',' Beer',22);
INSERT INTO drink(drinkID,name,category,menuID) VALUES(122,' Powerade ',' Mixed Drink ',23);
INSERT INTO drink(drinkID,name,category,menuID) VALUES(123,' Manhattan ',' Tea ',24);
INSERT INTO drink(drinkID,name,category,menuID) VALUES(124,' Yuengling ','Soda ',25);
INSERT INTO drink(drinkID,name,category,menuID) VALUES(125,' Coffee ',' Mixed Drink ',26);
INSERT INTO drink(drinkID,name,category,menuID) VALUES(126,' Budweiser ','Soda ',27);
INSERT INTO drink(drinkID,name,category,menuID) VALUES(127,' Yuengling ',' Beer',28);
INSERT INTO drink(drinkID,name,category,menuID) VALUES(128,' Manhattan ',' Mixed Drink ',29);
INSERT INTO drink(drinkID,name,category,menuID) VALUES(129,' Tom Collins ',' Beer',30);
INSERT INTO drink(drinkID,name,category,menuID) VALUES(130,' Margharita ',' Beer',31);
INSERT INTO drink(drinkID,name,category,menuID) VALUES(131,' Hot Chocolate ','Soda ',32);
INSERT INTO drink(drinkID,name,category,menuID) VALUES(132,' Martini ',' Beer',33);
INSERT INTO drink(drinkID,name,category,menuID) VALUES(133,' Lagunitas IPA',' Tea ',34);
INSERT INTO drink(drinkID,name,category,menuID) VALUES(134,' Sprite ',' Mixed Drink ',35);
INSERT INTO drink(drinkID,name,category,menuID) VALUES(135,' Diet Coke ',' Mixed Drink ',36);
INSERT INTO drink(drinkID,name,category,menuID) VALUES(136,' Lagunitas IPA',' Mixed Drink ',37);
INSERT INTO drink(drinkID,name,category,menuID) VALUES(137,' Hot Chocolate ',' Mixed Drink ',38);
INSERT INTO drink(drinkID,name,category,menuID) VALUES(138,' Margharita ','Soda ',39);
INSERT INTO drink(drinkID,name,category,menuID) VALUES(139,' Miller Lite ',' Mixed Drink ',40);
INSERT INTO drink(drinkID,name,category,menuID) VALUES(140,' Miller Lite ',' Tea ',41);
INSERT INTO drink(drinkID,name,category,menuID) VALUES(141,' Manhattan ',' Tea ',42);
INSERT INTO drink(drinkID,name,category,menuID) VALUES(142,' Sprite ',' Mixed Drink ',43);
INSERT INTO drink(drinkID,name,category,menuID) VALUES(143,' Bud Lite ',' Mixed Drink ',44);
INSERT INTO drink(drinkID,name,category,menuID) VALUES(144,' Shirley Temple ',' Beer',45);
INSERT INTO drink(drinkID,name,category,menuID) VALUES(145,' Shirley Temple ','Soda ',46);
INSERT INTO drink(drinkID,name,category,menuID) VALUES(146,' Diet Coke ',' Beer',47);
INSERT INTO drink(drinkID,name,category,menuID) VALUES(147,' Sweet Tea ',' Beer',48);
INSERT INTO drink(drinkID,name,category,menuID) VALUES(148,' Sprite ',' Mixed Drink ',49);
INSERT INTO drink(drinkID,name,category,menuID) VALUES(149,' Shirley Temple ','Soda ',50);
INSERT INTO drink(drinkID,name,category,menuID) VALUES(150,' Margharita ','Soda ',51);
INSERT INTO drink(drinkID,name,category,menuID) VALUES(151,' Guinness ',' Mixed Drink ',52);
INSERT INTO drink(drinkID,name,category,menuID) VALUES(152,' Manhattan ',' Beer',53);
INSERT INTO drink(drinkID,name,category,menuID) VALUES(153,' Miller Lite ',' Tea ',54);
INSERT INTO drink(drinkID,name,category,menuID) VALUES(154,' Coffee ',' Beer',55);
INSERT INTO drink(drinkID,name,category,menuID) VALUES(155,' Bloody Mary ',' Tea ',56);
INSERT INTO drink(drinkID,name,category,menuID) VALUES(156,' Manhattan ','Soda ',57);
INSERT INTO drink(drinkID,name,category,menuID) VALUES(157,' Fanta ',' Tea ',58);
INSERT INTO drink(drinkID,name,category,menuID) VALUES(158,' Shirley Temple ','Soda ',59);
INSERT INTO drink(drinkID,name,category,menuID) VALUES(159,' Bud Lite ',' Tea ',60);
INSERT INTO drink(drinkID,name,category,menuID) VALUES(160,' Guinness ',' Mixed Drink ',61);
INSERT INTO drink(drinkID,name,category,menuID) VALUES(161,' Lagunitas IPA',' Mixed Drink ',62);
INSERT INTO drink(drinkID,name,category,menuID) VALUES(162,' Coffee ',' Mixed Drink ',63);
INSERT INTO drink(drinkID,name,category,menuID) VALUES(163,'Coke ',' Tea ',64);
INSERT INTO drink(drinkID,name,category,menuID) VALUES(164,' Diet Coke ',' Mixed Drink ',65);
INSERT INTO drink(drinkID,name,category,menuID) VALUES(165,' Sweet Tea ','Soda ',66);
INSERT INTO drink(drinkID,name,category,menuID) VALUES(166,' Martini ','Soda ',67);
INSERT INTO drink(drinkID,name,category,menuID) VALUES(167,' Fanta ',' Beer',68);
INSERT INTO drink(drinkID,name,category,menuID) VALUES(168,' Sam Adams Boston Lager ',' Beer',69);
INSERT INTO drink(drinkID,name,category,menuID) VALUES(169,' Manhattan ',' Tea ',70);
INSERT INTO drink(drinkID,name,category,menuID) VALUES(170,' Shirley Temple ',' Mixed Drink ',71);
INSERT INTO drink(drinkID,name,category,menuID) VALUES(171,' Powerade ',' Beer',72);
INSERT INTO drink(drinkID,name,category,menuID) VALUES(172,' Coffee ',' Beer',73);
INSERT INTO drink(drinkID,name,category,menuID) VALUES(173,' Hot Tea ',' Beer',74);
INSERT INTO drink(drinkID,name,category,menuID) VALUES(174,' Diet Coke ','Soda ',75);
INSERT INTO drink(drinkID,name,category,menuID) VALUES(175,' Arnold Palmer ',' Mixed Drink ',76);
INSERT INTO drink(drinkID,name,category,menuID) VALUES(176,' Yuengling ',' Beer',77);
INSERT INTO drink(drinkID,name,category,menuID) VALUES(177,'Coke ','Soda ',78);
INSERT INTO drink(drinkID,name,category,menuID) VALUES(178,' Budweiser ',' Mixed Drink ',79);
INSERT INTO drink(drinkID,name,category,menuID) VALUES(179,' Manhattan ',' Beer',80);
INSERT INTO drink(drinkID,name,category,menuID) VALUES(180,' Manhattan ','Soda ',81);
INSERT INTO drink(drinkID,name,category,menuID) VALUES(181,' Budweiser ',' Mixed Drink ',82);
INSERT INTO drink(drinkID,name,category,menuID) VALUES(182,' Budweiser ',' Tea ',83);
INSERT INTO drink(drinkID,name,category,menuID) VALUES(183,' Arnold Palmer ','Soda ',84);
INSERT INTO drink(drinkID,name,category,menuID) VALUES(184,' Yuengling ','Soda ',85);
INSERT INTO drink(drinkID,name,category,menuID) VALUES(185,' Sweet Tea ','Soda ',86);
INSERT INTO drink(drinkID,name,category,menuID) VALUES(186,' Diet Coke ',' Mixed Drink ',87);
INSERT INTO drink(drinkID,name,category,menuID) VALUES(187,' Diet Coke ',' Mixed Drink ',88);
INSERT INTO drink(drinkID,name,category,menuID) VALUES(188,' Sweet Tea ','Soda ',89);
INSERT INTO drink(drinkID,name,category,menuID) VALUES(189,' Sweet Tea ','Soda ',90);
INSERT INTO drink(drinkID,name,category,menuID) VALUES(190,' Arnold Palmer ',' Beer',91);
INSERT INTO drink(drinkID,name,category,menuID) VALUES(191,' Martini ',' Tea ',92);
INSERT INTO drink(drinkID,name,category,menuID) VALUES(192,' Yuengling ',' Mixed Drink ',93);
INSERT INTO drink(drinkID,name,category,menuID) VALUES(193,' Sam Adams Boston Lager ',' Mixed Drink ',94);
INSERT INTO drink(drinkID,name,category,menuID) VALUES(194,' Lagunitas IPA',' Tea ',95);
INSERT INTO drink(drinkID,name,category,menuID) VALUES(195,' Guinness ',' Tea ',96);
INSERT INTO drink(drinkID,name,category,menuID) VALUES(196,' Arnold Palmer ','Soda ',97);
INSERT INTO drink(drinkID,name,category,menuID) VALUES(197,' Fanta ',' Mixed Drink ',98);
INSERT INTO drink(drinkID,name,category,menuID) VALUES(198,' Tom Collins ','Soda ',99);
INSERT INTO drink(drinkID,name,category,menuID) VALUES(199,' Bloody Mary ',' Tea ',100);

INSERT INTO ingredient(ingredientID,amount,inventoryID,menuID) VALUES(0,'1 oz','2i',1);
INSERT INTO ingredient(ingredientID,amount,inventoryID,menuID) VALUES(2,'1 oz ','6i',2);
INSERT INTO ingredient(ingredientID,amount,inventoryID,menuID) VALUES(4,' 5 oz','10i',3);
INSERT INTO ingredient(ingredientID,amount,inventoryID,menuID) VALUES(6,'5 oz','14i',4);
INSERT INTO ingredient(ingredientID,amount,inventoryID,menuID) VALUES(8,' 1 lb ','18i',5);
INSERT INTO ingredient(ingredientID,amount,inventoryID,menuID) VALUES(10,' 3 oz ','22i',6);
INSERT INTO ingredient(ingredientID,amount,inventoryID,menuID) VALUES(12,'1 oz','26i',7);
INSERT INTO ingredient(ingredientID,amount,inventoryID,menuID) VALUES(14,'1 oz ','30i',8);

INSERT INTO position(positionID,payRate) VALUES(11234,'$14.60');
INSERT INTO position(positionID,payRate) VALUES(11240,'$11.48');
INSERT INTO position(positionID,payRate) VALUES(11246,'$13.74');
INSERT INTO position(positionID,payRate) VALUES(11252,'$9.19');
INSERT INTO position(positionID,payRate) VALUES(11258,'$7.31');
INSERT INTO position(positionID,payRate) VALUES(11264,'$5.37');
INSERT INTO position(positionID,payRate) VALUES(11270,'$11.25');
INSERT INTO position(positionID,payRate) VALUES(11276,'$10.12');
INSERT INTO position(positionID,payRate) VALUES(11282,'$14.33');
INSERT INTO position(positionID,payRate) VALUES(11288,'$10.21');
INSERT INTO position(positionID,payRate) VALUES(11294,'$11.53');
INSERT INTO position(positionID,payRate) VALUES(11300,'$5.42');
INSERT INTO position(positionID,payRate) VALUES(11306,'$8.92');
INSERT INTO position(positionID,payRate) VALUES(11312,'$14.99');
INSERT INTO position(positionID,payRate) VALUES(11318,'$11.12');
INSERT INTO position(positionID,payRate) VALUES(11324,'$9.88');
INSERT INTO position(positionID,payRate) VALUES(11330,'$14.29');
INSERT INTO position(positionID,payRate) VALUES(11336,'$10.43');
INSERT INTO position(positionID,payRate) VALUES(11342,'$5.25');
INSERT INTO position(positionID,payRate) VALUES(11348,'$10.76');
INSERT INTO position(positionID,payRate) VALUES(11354,'$8.40');
INSERT INTO position(positionID,payRate) VALUES(11360,'$9.92');
INSERT INTO position(positionID,payRate) VALUES(11366,'$7.76');
INSERT INTO position(positionID,payRate) VALUES(11372,'$9.60');
INSERT INTO position(positionID,payRate) VALUES(11378,'$8.40');
INSERT INTO position(positionID,payRate) VALUES(11384,'$11.87');
INSERT INTO position(positionID,payRate) VALUES(11390,'$8.63');
INSERT INTO position(positionID,payRate) VALUES(11396,'$12.85');
INSERT INTO position(positionID,payRate) VALUES(11402,'$5.97');
INSERT INTO position(positionID,payRate) VALUES(11408,'$6.27');
INSERT INTO position(positionID,payRate) VALUES(11414,'$7.05');
INSERT INTO position(positionID,payRate) VALUES(11420,'$8.71');
INSERT INTO position(positionID,payRate) VALUES(11426,'$9.19');
INSERT INTO position(positionID,payRate) VALUES(11432,'$9.25');
INSERT INTO position(positionID,payRate) VALUES(11438,'$13.18');
INSERT INTO position(positionID,payRate) VALUES(11444,'$14.61');
INSERT INTO position(positionID,payRate) VALUES(11450,'$6.10');
INSERT INTO position(positionID,payRate) VALUES(11456,'$5.11');
INSERT INTO position(positionID,payRate) VALUES(11462,'$12.37');
INSERT INTO position(positionID,payRate) VALUES(11468,'$7.57');
INSERT INTO position(positionID,payRate) VALUES(11474,'$11.36');
INSERT INTO position(positionID,payRate) VALUES(11480,'$9.13');
INSERT INTO position(positionID,payRate) VALUES(11486,'$5.33');
INSERT INTO position(positionID,payRate) VALUES(11492,'$11.97');
INSERT INTO position(positionID,payRate) VALUES(11498,'$10.49');
INSERT INTO position(positionID,payRate) VALUES(11504,'$9.39');
INSERT INTO position(positionID,payRate) VALUES(11510,'$13.07');
INSERT INTO position(positionID,payRate) VALUES(11516,'$11.31');
INSERT INTO position(positionID,payRate) VALUES(11522,'$9.85');
INSERT INTO position(positionID,payRate) VALUES(11528,'$7.07');
INSERT INTO position(positionID,payRate) VALUES(11534,'$7.24');
INSERT INTO position(positionID,payRate) VALUES(11540,'$11.87');
INSERT INTO position(positionID,payRate) VALUES(11546,'$8.33');
INSERT INTO position(positionID,payRate) VALUES(11552,'$10.53');
INSERT INTO position(positionID,payRate) VALUES(11558,'$5.69');
INSERT INTO position(positionID,payRate) VALUES(11564,'$7.50');
INSERT INTO position(positionID,payRate) VALUES(11570,'$6.67');
INSERT INTO position(positionID,payRate) VALUES(11576,'$11.34');
INSERT INTO position(positionID,payRate) VALUES(11582,'$9.11');
INSERT INTO position(positionID,payRate) VALUES(11588,'$11.78');
INSERT INTO position(positionID,payRate) VALUES(11594,'$12.91');
INSERT INTO position(positionID,payRate) VALUES(11600,'$14.96');
INSERT INTO position(positionID,payRate) VALUES(11606,'$6.11');
INSERT INTO position(positionID,payRate) VALUES(11612,'$8.67');
INSERT INTO position(positionID,payRate) VALUES(11618,'$12.93');
INSERT INTO position(positionID,payRate) VALUES(11624,'$11.37');
INSERT INTO position(positionID,payRate) VALUES(11630,'$9.07');
INSERT INTO position(positionID,payRate) VALUES(11636,'$11.96');
INSERT INTO position(positionID,payRate) VALUES(11642,'$7.17');
INSERT INTO position(positionID,payRate) VALUES(11648,'$14.66');
INSERT INTO position(positionID,payRate) VALUES(11654,'$9.10');
INSERT INTO position(positionID,payRate) VALUES(11660,'$14.61');
INSERT INTO position(positionID,payRate) VALUES(11666,'$11.83');
INSERT INTO position(positionID,payRate) VALUES(11672,'$11.05');
INSERT INTO position(positionID,payRate) VALUES(11678,'$5.48');
INSERT INTO position(positionID,payRate) VALUES(11684,'$5.68');
INSERT INTO position(positionID,payRate) VALUES(11690,'$12.99');
INSERT INTO position(positionID,payRate) VALUES(11696,'$6.51');
INSERT INTO position(positionID,payRate) VALUES(11702,'$9.03');
INSERT INTO position(positionID,payRate) VALUES(11708,'$14.33');
INSERT INTO position(positionID,payRate) VALUES(11714,'$5.22');
INSERT INTO position(positionID,payRate) VALUES(11720,'$9.42');
INSERT INTO position(positionID,payRate) VALUES(11726,'$14.46');
INSERT INTO position(positionID,payRate) VALUES(11732,'$10.11');
INSERT INTO position(positionID,payRate) VALUES(11738,'$12.75');
INSERT INTO position(positionID,payRate) VALUES(11744,'$12.19');
INSERT INTO position(positionID,payRate) VALUES(11750,'$9.83');
INSERT INTO position(positionID,payRate) VALUES(11756,'$9.88');
INSERT INTO position(positionID,payRate) VALUES(11762,'$8.71');
INSERT INTO position(positionID,payRate) VALUES(11768,'$6.54');
INSERT INTO position(positionID,payRate) VALUES(11774,'$11.59');
INSERT INTO position(positionID,payRate) VALUES(11780,'$9.53');
INSERT INTO position(positionID,payRate) VALUES(11786,'$9.80');
INSERT INTO position(positionID,payRate) VALUES(11792,'$7.15');
INSERT INTO position(positionID,payRate) VALUES(11798,'$9.10');
INSERT INTO position(positionID,payRate) VALUES(11804,'$11.12');
INSERT INTO position(positionID,payRate) VALUES(11810,'$11.22');
INSERT INTO position(positionID,payRate) VALUES(11816,'$6.04');
INSERT INTO position(positionID,payRate) VALUES(11822,'$9.52');
INSERT INTO position(positionID,payRate) VALUES(11828,'$9.58');

INSERT INTO employee(employeeID,name,positionID) VALUES(111,'Ross',11234);
INSERT INTO employee(employeeID,name,positionID) VALUES(111.15,'Angela',11240);
INSERT INTO employee(employeeID,name,positionID) VALUES(111.3,'Neil',11246);
INSERT INTO employee(employeeID,name,positionID) VALUES(111.45,'Aspen',11252);
INSERT INTO employee(employeeID,name,positionID) VALUES(111.6,'Rinah',11258);
INSERT INTO employee(employeeID,name,positionID) VALUES(111.75,'Ahmed',11264);
INSERT INTO employee(employeeID,name,positionID) VALUES(111.9,'Kimberley',11270);
INSERT INTO employee(employeeID,name,positionID) VALUES(112.05,'Melanie',11276);
INSERT INTO employee(employeeID,name,positionID) VALUES(112.2,'Graiden',11282);
INSERT INTO employee(employeeID,name,positionID) VALUES(112.35,'Patience',11288);
INSERT INTO employee(employeeID,name,positionID) VALUES(112.5,'Kenyon',11294);
INSERT INTO employee(employeeID,name,positionID) VALUES(112.65,'Cody',11300);
INSERT INTO employee(employeeID,name,positionID) VALUES(112.8,'Jade',11306);
INSERT INTO employee(employeeID,name,positionID) VALUES(112.95,'Amena',11312);
INSERT INTO employee(employeeID,name,positionID) VALUES(113.1,'Barrett',11318);
INSERT INTO employee(employeeID,name,positionID) VALUES(113.25,'Zelda',11324);
INSERT INTO employee(employeeID,name,positionID) VALUES(113.4,'Kareem',11330);
INSERT INTO employee(employeeID,name,positionID) VALUES(113.55,'Sacha',11336);
INSERT INTO employee(employeeID,name,positionID) VALUES(113.7,'Judah',11342);
INSERT INTO employee(employeeID,name,positionID) VALUES(113.85,'Kyra',11348);
INSERT INTO employee(employeeID,name,positionID) VALUES(114,'Hiram',11354);
INSERT INTO employee(employeeID,name,positionID) VALUES(114.15,'Amanda',11360);
INSERT INTO employee(employeeID,name,positionID) VALUES(114.3,'Alexis',11366);
INSERT INTO employee(employeeID,name,positionID) VALUES(114.45,'Kiona',11372);
INSERT INTO employee(employeeID,name,positionID) VALUES(114.6,'Kato',11378);
INSERT INTO employee(employeeID,name,positionID) VALUES(114.75,'Cora',11384);
INSERT INTO employee(employeeID,name,positionID) VALUES(114.9,'Galena',11390);
INSERT INTO employee(employeeID,name,positionID) VALUES(115.05,'Skyler',11396);
INSERT INTO employee(employeeID,name,positionID) VALUES(115.2,'Nerea',11402);
INSERT INTO employee(employeeID,name,positionID) VALUES(115.35,'Dalton',11408);
INSERT INTO employee(employeeID,name,positionID) VALUES(115.5,'Teagan',11414);
INSERT INTO employee(employeeID,name,positionID) VALUES(115.65,'Debra',11420);
INSERT INTO employee(employeeID,name,positionID) VALUES(115.8,'Alec',11426);
INSERT INTO employee(employeeID,name,positionID) VALUES(115.95,'Lois',11432);
INSERT INTO employee(employeeID,name,positionID) VALUES(116.1,'Iliana',11438);
INSERT INTO employee(employeeID,name,positionID) VALUES(116.25,'Charde',11444);
INSERT INTO employee(employeeID,name,positionID) VALUES(116.4,'Russell',11450);
INSERT INTO employee(employeeID,name,positionID) VALUES(116.55,'Gary',11456);
INSERT INTO employee(employeeID,name,positionID) VALUES(116.7,'Aidan',11462);
INSERT INTO employee(employeeID,name,positionID) VALUES(116.85,'Stewart',11468);
INSERT INTO employee(employeeID,name,positionID) VALUES(117,'Orson',11474);
INSERT INTO employee(employeeID,name,positionID) VALUES(117.15,'Aretha',11480);
INSERT INTO employee(employeeID,name,positionID) VALUES(117.3,'Tana',11486);
INSERT INTO employee(employeeID,name,positionID) VALUES(117.45,'Sylvester',11492);
INSERT INTO employee(employeeID,name,positionID) VALUES(117.6,'Wylie',11498);
INSERT INTO employee(employeeID,name,positionID) VALUES(117.75,'Maris',11504);
INSERT INTO employee(employeeID,name,positionID) VALUES(117.9,'MacKensie',11510);
INSERT INTO employee(employeeID,name,positionID) VALUES(118.05,'Xandra',11516);
INSERT INTO employee(employeeID,name,positionID) VALUES(118.2,'Eaton',11522);
INSERT INTO employee(employeeID,name,positionID) VALUES(118.35,'Kameko',11528);
INSERT INTO employee(employeeID,name,positionID) VALUES(118.5,'Haley',11534);
INSERT INTO employee(employeeID,name,positionID) VALUES(118.65,'Amir',11540);
INSERT INTO employee(employeeID,name,positionID) VALUES(118.8,'Rhonda',11546);
INSERT INTO employee(employeeID,name,positionID) VALUES(118.95,'Kadeem',11552);
INSERT INTO employee(employeeID,name,positionID) VALUES(119.1,'Kirby',11558);
INSERT INTO employee(employeeID,name,positionID) VALUES(119.25,'Robin',11564);
INSERT INTO employee(employeeID,name,positionID) VALUES(119.4,'Lani',11570);
INSERT INTO employee(employeeID,name,positionID) VALUES(119.55,'Ashely',11576);
INSERT INTO employee(employeeID,name,positionID) VALUES(119.7,'Quynn',11582);
INSERT INTO employee(employeeID,name,positionID) VALUES(119.85,'Doris',11588);
INSERT INTO employee(employeeID,name,positionID) VALUES(120,'Irma',11594);
INSERT INTO employee(employeeID,name,positionID) VALUES(120.15,'Tarik',11600);
INSERT INTO employee(employeeID,name,positionID) VALUES(120.3,'Rhona',11606);
INSERT INTO employee(employeeID,name,positionID) VALUES(120.45,'Brenden',11612);
INSERT INTO employee(employeeID,name,positionID) VALUES(120.6,'Rylee',11618);
INSERT INTO employee(employeeID,name,positionID) VALUES(120.75,'Colleen',11624);
INSERT INTO employee(employeeID,name,positionID) VALUES(120.9,'Brianna',11630);
INSERT INTO employee(employeeID,name,positionID) VALUES(121.05,'Martin',11636);
INSERT INTO employee(employeeID,name,positionID) VALUES(121.2,'Barclay',11642);
INSERT INTO employee(employeeID,name,positionID) VALUES(121.35,'Xena',11648);
INSERT INTO employee(employeeID,name,positionID) VALUES(121.5,'Kane',11654);
INSERT INTO employee(employeeID,name,positionID) VALUES(121.65,'Abraham',11660);
INSERT INTO employee(employeeID,name,positionID) VALUES(121.8,'Brynne',11666);
INSERT INTO employee(employeeID,name,positionID) VALUES(121.95,'Jaime',11672);
INSERT INTO employee(employeeID,name,positionID) VALUES(122.1,'Shellie',11678);
INSERT INTO employee(employeeID,name,positionID) VALUES(122.25,'Barbara',11684);
INSERT INTO employee(employeeID,name,positionID) VALUES(122.4,'Prescott',11690);
INSERT INTO employee(employeeID,name,positionID) VALUES(122.55,'Nehru',11696);
INSERT INTO employee(employeeID,name,positionID) VALUES(122.7,'Avye',11702);
INSERT INTO employee(employeeID,name,positionID) VALUES(122.85,'Angelica',11708);
INSERT INTO employee(employeeID,name,positionID) VALUES(123,'Jennifer',11714);
INSERT INTO employee(employeeID,name,positionID) VALUES(123.15,'Lucas',11720);
INSERT INTO employee(employeeID,name,positionID) VALUES(123.3,'Warren',11726);
INSERT INTO employee(employeeID,name,positionID) VALUES(123.45,'Barbara',11732);
INSERT INTO employee(employeeID,name,positionID) VALUES(123.6,'Guinevere',11738);
INSERT INTO employee(employeeID,name,positionID) VALUES(123.75,'Maryam',11744);
INSERT INTO employee(employeeID,name,positionID) VALUES(123.9,'September',11750);
INSERT INTO employee(employeeID,name,positionID) VALUES(124.05,'Ulysses',11756);
INSERT INTO employee(employeeID,name,positionID) VALUES(124.2,'Mikayla',11762);
INSERT INTO employee(employeeID,name,positionID) VALUES(124.35,'Jarrod',11768);
INSERT INTO employee(employeeID,name,positionID) VALUES(124.5,'Orson',11774);
INSERT INTO employee(employeeID,name,positionID) VALUES(124.65,'Holly',11780);
INSERT INTO employee(employeeID,name,positionID) VALUES(124.8,'Katelyn',11786);
INSERT INTO employee(employeeID,name,positionID) VALUES(124.95,'Minerva',11792);
INSERT INTO employee(employeeID,name,positionID) VALUES(125.1,'David',11798);
INSERT INTO employee(employeeID,name,positionID) VALUES(125.25,'Tyler',11804);
INSERT INTO employee(employeeID,name,positionID) VALUES(125.4,'Elijah',11810);
INSERT INTO employee(employeeID,name,positionID) VALUES(125.55,'Tiger',11816);
INSERT INTO employee(employeeID,name,positionID) VALUES(125.7,'Abigail',11822);
INSERT INTO employee(employeeID,name,positionID) VALUES(125.85,'Xander',11828);

INSERT INTO cocktailRecipe(drinkID,name,ingredient,amount,menuID) VALUES(55551515,' Margharita ',' vodka ','1 oz ',1);
INSERT INTO cocktailRecipe(drinkID,name,ingredient,amount,menuID) VALUES(55551515.5,' Margharita ',' absinthe ',' 2 oz ',2);
INSERT INTO cocktailRecipe(drinkID,name,ingredient,amount,menuID) VALUES(55551516,' Margharita ',' absinthe ','1 oz ',3);
INSERT INTO cocktailRecipe(drinkID,name,ingredient,amount,menuID) VALUES(55551516.5,' Bloody Mary',' gin ',' 2 oz ',4);
INSERT INTO cocktailRecipe(drinkID,name,ingredient,amount,menuID) VALUES(55551517,' Cosmopolitan ',' whiskey ','1 oz ',5);
INSERT INTO cocktailRecipe(drinkID,name,ingredient,amount,menuID) VALUES(55551517.5,'Manhattan ',' water ',' 3 oz',6);
INSERT INTO cocktailRecipe(drinkID,name,ingredient,amount,menuID) VALUES(55551518,' Cosmopolitan ',' absinthe ','1 oz ',7);
INSERT INTO cocktailRecipe(drinkID,name,ingredient,amount,menuID) VALUES(55551518.5,' Martini ',' vodka ',' 2 oz ',8);
INSERT INTO cocktailRecipe(drinkID,name,ingredient,amount,menuID) VALUES(55551519,' Cosmopolitan ','vermouth ',' 2 oz ',9);
INSERT INTO cocktailRecipe(drinkID,name,ingredient,amount,menuID) VALUES(55551519.5,' Margharita ',' ice ',' 3 oz',10);
INSERT INTO cocktailRecipe(drinkID,name,ingredient,amount,menuID) VALUES(55551520,' Margharita ',' whiskey ','1 oz ',11);
INSERT INTO cocktailRecipe(drinkID,name,ingredient,amount,menuID) VALUES(55551520.5,' Margharita ','vermouth ',' 2 oz ',12);
INSERT INTO cocktailRecipe(drinkID,name,ingredient,amount,menuID) VALUES(55551521,'Manhattan ',' absinthe ',' 3 oz',13);
INSERT INTO cocktailRecipe(drinkID,name,ingredient,amount,menuID) VALUES(55551521.5,'Manhattan ',' seltzer water ','1 oz ',14);
INSERT INTO cocktailRecipe(drinkID,name,ingredient,amount,menuID) VALUES(55551522,' Cosmopolitan ',' vodka ',' 3 oz',15);
INSERT INTO cocktailRecipe(drinkID,name,ingredient,amount,menuID) VALUES(55551522.5,' Margharita ',' vodka ','1 oz ',16);
INSERT INTO cocktailRecipe(drinkID,name,ingredient,amount,menuID) VALUES(55551523,'Manhattan ',' seltzer water ',' 2 oz ',17);
INSERT INTO cocktailRecipe(drinkID,name,ingredient,amount,menuID) VALUES(55551523.5,' Bloody Mary',' water ',' 3 oz',18);
INSERT INTO cocktailRecipe(drinkID,name,ingredient,amount,menuID) VALUES(55551524,' Margharita ',' water ',' 2 oz ',19);
INSERT INTO cocktailRecipe(drinkID,name,ingredient,amount,menuID) VALUES(55551524.5,' Cosmopolitan ',' water ',' 2 oz ',20);
INSERT INTO cocktailRecipe(drinkID,name,ingredient,amount,menuID) VALUES(55551525,'Manhattan ','vermouth ','1 oz ',21);
INSERT INTO cocktailRecipe(drinkID,name,ingredient,amount,menuID) VALUES(55551525.5,' Bloody Mary',' bourbon ',' 2 oz ',22);
INSERT INTO cocktailRecipe(drinkID,name,ingredient,amount,menuID) VALUES(55551526,'Manhattan ',' ice ',' 3 oz',23);
INSERT INTO cocktailRecipe(drinkID,name,ingredient,amount,menuID) VALUES(55551526.5,' Margharita ',' water ','1 oz ',24);
INSERT INTO cocktailRecipe(drinkID,name,ingredient,amount,menuID) VALUES(55551527,' Cosmopolitan ','vermouth ','1 oz ',25);
INSERT INTO cocktailRecipe(drinkID,name,ingredient,amount,menuID) VALUES(55551527.5,' Margharita ',' seltzer water ',' 2 oz ',26);
INSERT INTO cocktailRecipe(drinkID,name,ingredient,amount,menuID) VALUES(55551528,' Margharita ',' vodka ',' 3 oz',27);
INSERT INTO cocktailRecipe(drinkID,name,ingredient,amount,menuID) VALUES(55551528.5,' Margharita ',' water ',' 2 oz ',28);
INSERT INTO cocktailRecipe(drinkID,name,ingredient,amount,menuID) VALUES(55551529,' Margharita ',' whiskey ',' 2 oz ',29);
INSERT INTO cocktailRecipe(drinkID,name,ingredient,amount,menuID) VALUES(55551529.5,' Margharita ',' absinthe ',' 2 oz ',30);
INSERT INTO cocktailRecipe(drinkID,name,ingredient,amount,menuID) VALUES(55551530,' Cosmopolitan ',' whiskey ',' 3 oz',31);
INSERT INTO cocktailRecipe(drinkID,name,ingredient,amount,menuID) VALUES(55551530.5,' Margharita ',' bourbon ',' 3 oz',32);
INSERT INTO cocktailRecipe(drinkID,name,ingredient,amount,menuID) VALUES(55551531,' Cosmopolitan ',' ice ',' 2 oz ',33);
INSERT INTO cocktailRecipe(drinkID,name,ingredient,amount,menuID) VALUES(55551531.5,'Manhattan ',' bourbon ','1 oz ',34);
INSERT INTO cocktailRecipe(drinkID,name,ingredient,amount,menuID) VALUES(55551532,' Bloody Mary',' whiskey ',' 2 oz ',35);
INSERT INTO cocktailRecipe(drinkID,name,ingredient,amount,menuID) VALUES(55551532.5,' Margharita ',' vodka ','1 oz ',36);
INSERT INTO cocktailRecipe(drinkID,name,ingredient,amount,menuID) VALUES(55551533,' Bloody Mary','vermouth ',' 3 oz',37);
INSERT INTO cocktailRecipe(drinkID,name,ingredient,amount,menuID) VALUES(55551533.5,'Manhattan ',' gin ',' 2 oz ',38);
INSERT INTO cocktailRecipe(drinkID,name,ingredient,amount,menuID) VALUES(55551534,' Martini ',' bourbon ',' 3 oz',39);
INSERT INTO cocktailRecipe(drinkID,name,ingredient,amount,menuID) VALUES(55551534.5,' Bloody Mary',' ice ','1 oz ',40);
INSERT INTO cocktailRecipe(drinkID,name,ingredient,amount,menuID) VALUES(55551535,'Manhattan ',' vodka ',' 3 oz',41);
INSERT INTO cocktailRecipe(drinkID,name,ingredient,amount,menuID) VALUES(55551535.5,' Margharita ',' vodka ',' 3 oz',42);
INSERT INTO cocktailRecipe(drinkID,name,ingredient,amount,menuID) VALUES(55551536,' Martini ','vermouth ',' 3 oz',43);
INSERT INTO cocktailRecipe(drinkID,name,ingredient,amount,menuID) VALUES(55551536.5,' Bloody Mary',' gin ',' 2 oz ',44);
INSERT INTO cocktailRecipe(drinkID,name,ingredient,amount,menuID) VALUES(55551537,' Margharita ',' absinthe ',' 3 oz',45);
INSERT INTO cocktailRecipe(drinkID,name,ingredient,amount,menuID) VALUES(55551537.5,' Martini ',' absinthe ',' 3 oz',46);
INSERT INTO cocktailRecipe(drinkID,name,ingredient,amount,menuID) VALUES(55551538,'Manhattan ',' ice ',' 2 oz ',47);
INSERT INTO cocktailRecipe(drinkID,name,ingredient,amount,menuID) VALUES(55551538.5,' Cosmopolitan ',' ice ',' 2 oz ',48);
INSERT INTO cocktailRecipe(drinkID,name,ingredient,amount,menuID) VALUES(55551539,' Margharita ',' whiskey ',' 3 oz',49);
INSERT INTO cocktailRecipe(drinkID,name,ingredient,amount,menuID) VALUES(55551539.5,' Bloody Mary',' absinthe ',' 3 oz',50);
INSERT INTO cocktailRecipe(drinkID,name,ingredient,amount,menuID) VALUES(55551540,' Martini ','vermouth ',' 2 oz ',51);
INSERT INTO cocktailRecipe(drinkID,name,ingredient,amount,menuID) VALUES(55551540.5,' Margharita ',' bourbon ',' 2 oz ',52);
INSERT INTO cocktailRecipe(drinkID,name,ingredient,amount,menuID) VALUES(55551541,' Martini ',' gin ',' 3 oz',53);
INSERT INTO cocktailRecipe(drinkID,name,ingredient,amount,menuID) VALUES(55551541.5,'Manhattan ',' seltzer water ',' 2 oz ',54);
INSERT INTO cocktailRecipe(drinkID,name,ingredient,amount,menuID) VALUES(55551542,' Margharita ',' whiskey ',' 3 oz',55);
INSERT INTO cocktailRecipe(drinkID,name,ingredient,amount,menuID) VALUES(55551542.5,' Cosmopolitan ',' absinthe ',' 2 oz ',56);
INSERT INTO cocktailRecipe(drinkID,name,ingredient,amount,menuID) VALUES(55551543,' Bloody Mary','vermouth ',' 2 oz ',57);
INSERT INTO cocktailRecipe(drinkID,name,ingredient,amount,menuID) VALUES(55551543.5,' Cosmopolitan ',' water ',' 3 oz',58);
INSERT INTO cocktailRecipe(drinkID,name,ingredient,amount,menuID) VALUES(55551544,' Martini ',' gin ',' 2 oz ',59);
INSERT INTO cocktailRecipe(drinkID,name,ingredient,amount,menuID) VALUES(55551544.5,' Bloody Mary',' vodka ',' 2 oz ',60);
INSERT INTO cocktailRecipe(drinkID,name,ingredient,amount,menuID) VALUES(55551545,' Martini ',' absinthe ',' 2 oz ',61);
INSERT INTO cocktailRecipe(drinkID,name,ingredient,amount,menuID) VALUES(55551545.5,' Cosmopolitan ',' gin ',' 3 oz',62);
INSERT INTO cocktailRecipe(drinkID,name,ingredient,amount,menuID) VALUES(55551546,' Martini ','vermouth ',' 3 oz',63);
INSERT INTO cocktailRecipe(drinkID,name,ingredient,amount,menuID) VALUES(55551546.5,' Martini ',' gin ','1 oz ',64);
INSERT INTO cocktailRecipe(drinkID,name,ingredient,amount,menuID) VALUES(55551547,' Martini ',' whiskey ','1 oz ',65);
INSERT INTO cocktailRecipe(drinkID,name,ingredient,amount,menuID) VALUES(55551547.5,' Margharita ','vermouth ',' 3 oz',66);
INSERT INTO cocktailRecipe(drinkID,name,ingredient,amount,menuID) VALUES(55551548,'Manhattan ','vermouth ',' 2 oz ',67);
INSERT INTO cocktailRecipe(drinkID,name,ingredient,amount,menuID) VALUES(55551548.5,' Cosmopolitan ',' ice ',' 3 oz',68);
INSERT INTO cocktailRecipe(drinkID,name,ingredient,amount,menuID) VALUES(55551549,' Margharita ',' whiskey ',' 2 oz ',69);
INSERT INTO cocktailRecipe(drinkID,name,ingredient,amount,menuID) VALUES(55551549.5,'Manhattan ',' absinthe ',' 2 oz ',70);
INSERT INTO cocktailRecipe(drinkID,name,ingredient,amount,menuID) VALUES(55551550,' Bloody Mary',' ice ',' 3 oz',71);
INSERT INTO cocktailRecipe(drinkID,name,ingredient,amount,menuID) VALUES(55551550.5,' Cosmopolitan ',' vodka ',' 2 oz ',72);
INSERT INTO cocktailRecipe(drinkID,name,ingredient,amount,menuID) VALUES(55551551,'Manhattan ',' absinthe ',' 2 oz ',73);
INSERT INTO cocktailRecipe(drinkID,name,ingredient,amount,menuID) VALUES(55551551.5,' Margharita ',' water ',' 2 oz ',74);
INSERT INTO cocktailRecipe(drinkID,name,ingredient,amount,menuID) VALUES(55551552,' Bloody Mary',' ice ','1 oz ',75);
INSERT INTO cocktailRecipe(drinkID,name,ingredient,amount,menuID) VALUES(55551552.5,' Bloody Mary',' seltzer water ',' 2 oz ',76);
INSERT INTO cocktailRecipe(drinkID,name,ingredient,amount,menuID) VALUES(55551553,'Manhattan ',' absinthe ',' 2 oz ',77);
INSERT INTO cocktailRecipe(drinkID,name,ingredient,amount,menuID) VALUES(55551553.5,' Margharita ',' absinthe ',' 2 oz ',78);
INSERT INTO cocktailRecipe(drinkID,name,ingredient,amount,menuID) VALUES(55551554,'Manhattan ',' absinthe ',' 3 oz',79);
INSERT INTO cocktailRecipe(drinkID,name,ingredient,amount,menuID) VALUES(55551554.5,'Manhattan ',' vodka ',' 2 oz ',80);
INSERT INTO cocktailRecipe(drinkID,name,ingredient,amount,menuID) VALUES(55551555,'Manhattan ',' seltzer water ',' 3 oz',81);
INSERT INTO cocktailRecipe(drinkID,name,ingredient,amount,menuID) VALUES(55551555.5,' Cosmopolitan ',' water ',' 3 oz',82);
INSERT INTO cocktailRecipe(drinkID,name,ingredient,amount,menuID) VALUES(55551556,' Bloody Mary',' ice ',' 3 oz',83);
INSERT INTO cocktailRecipe(drinkID,name,ingredient,amount,menuID) VALUES(55551556.5,' Cosmopolitan ',' absinthe ',' 2 oz ',84);
INSERT INTO cocktailRecipe(drinkID,name,ingredient,amount,menuID) VALUES(55551557,' Margharita ',' gin ',' 2 oz ',85);
INSERT INTO cocktailRecipe(drinkID,name,ingredient,amount,menuID) VALUES(55551557.5,' Cosmopolitan ',' bourbon ',' 3 oz',86);
INSERT INTO cocktailRecipe(drinkID,name,ingredient,amount,menuID) VALUES(55551558,' Martini ',' seltzer water ',' 3 oz',87);
INSERT INTO cocktailRecipe(drinkID,name,ingredient,amount,menuID) VALUES(55551558.5,' Cosmopolitan ',' vodka ',' 2 oz ',88);
INSERT INTO cocktailRecipe(drinkID,name,ingredient,amount,menuID) VALUES(55551559,' Cosmopolitan ',' water ',' 2 oz ',89);
INSERT INTO cocktailRecipe(drinkID,name,ingredient,amount,menuID) VALUES(55551559.5,' Cosmopolitan ',' whiskey ',' 2 oz ',90);
INSERT INTO cocktailRecipe(drinkID,name,ingredient,amount,menuID) VALUES(55551560,' Martini ',' water ',' 2 oz ',91);
INSERT INTO cocktailRecipe(drinkID,name,ingredient,amount,menuID) VALUES(55551560.5,' Margharita ',' gin ',' 3 oz',92);
INSERT INTO cocktailRecipe(drinkID,name,ingredient,amount,menuID) VALUES(55551561,'Manhattan ',' gin ',' 3 oz',93);
INSERT INTO cocktailRecipe(drinkID,name,ingredient,amount,menuID) VALUES(55551561.5,' Martini ',' bourbon ','1 oz ',94);
INSERT INTO cocktailRecipe(drinkID,name,ingredient,amount,menuID) VALUES(55551562,'Manhattan ',' gin ','1 oz ',95);
INSERT INTO cocktailRecipe(drinkID,name,ingredient,amount,menuID) VALUES(55551562.5,' Margharita ',' bourbon ',' 3 oz',96);
INSERT INTO cocktailRecipe(drinkID,name,ingredient,amount,menuID) VALUES(55551563,'Manhattan ',' bourbon ','1 oz ',97);
INSERT INTO cocktailRecipe(drinkID,name,ingredient,amount,menuID) VALUES(55551563.5,' Margharita ',' bourbon ','1 oz ',98);
INSERT INTO cocktailRecipe(drinkID,name,ingredient,amount,menuID) VALUES(55551564,' Martini ',' ice ',' 2 oz ',99);
INSERT INTO cocktailRecipe(drinkID,name,ingredient,amount,menuID) VALUES(55551564.5,'Manhattan ',' seltzer water ',' 2 oz ',100);

INSERT INTO sale(saleNumber,total) VALUES(100000000,'$53.69');
INSERT INTO sale(saleNumber,total) VALUES(100000001,'$77.15');
INSERT INTO sale(saleNumber,total) VALUES(100000002,'$67.19');
INSERT INTO sale(saleNumber,total) VALUES(100000003,'$35.10');
INSERT INTO sale(saleNumber,total) VALUES(100000004,'$36.97');
INSERT INTO sale(saleNumber,total) VALUES(100000005,'$95.24');
INSERT INTO sale(saleNumber,total) VALUES(100000006,'$97.31');
INSERT INTO sale(saleNumber,total) VALUES(100000007,'$12.06');
INSERT INTO sale(saleNumber,total) VALUES(100000008,'$84.28');
INSERT INTO sale(saleNumber,total) VALUES(100000009,'$50.71');
INSERT INTO sale(saleNumber,total) VALUES(100000010,'$97.81');
INSERT INTO sale(saleNumber,total) VALUES(100000011,'$32.51');
INSERT INTO sale(saleNumber,total) VALUES(100000012,'$28.75');
INSERT INTO sale(saleNumber,total) VALUES(100000013,'$38.62');
INSERT INTO sale(saleNumber,total) VALUES(100000014,'$8.85');
INSERT INTO sale(saleNumber,total) VALUES(100000015,'$76.50');
INSERT INTO sale(saleNumber,total) VALUES(100000016,'$20.22');
INSERT INTO sale(saleNumber,total) VALUES(100000017,'$26.33');
INSERT INTO sale(saleNumber,total) VALUES(100000018,'$9.51');
INSERT INTO sale(saleNumber,total) VALUES(100000019,'$12.43');
INSERT INTO sale(saleNumber,total) VALUES(100000020,'$12.95');
INSERT INTO sale(saleNumber,total) VALUES(100000021,'$47.25');
INSERT INTO sale(saleNumber,total) VALUES(100000022,'$96.18');
INSERT INTO sale(saleNumber,total) VALUES(100000023,'$38.07');
INSERT INTO sale(saleNumber,total) VALUES(100000024,'$53.53');
INSERT INTO sale(saleNumber,total) VALUES(100000025,'$9.68');
INSERT INTO sale(saleNumber,total) VALUES(100000026,'$78.54');
INSERT INTO sale(saleNumber,total) VALUES(100000027,'$43.11');
INSERT INTO sale(saleNumber,total) VALUES(100000028,'$4.39');
INSERT INTO sale(saleNumber,total) VALUES(100000029,'$81.39');
INSERT INTO sale(saleNumber,total) VALUES(100000030,'$39.41');
INSERT INTO sale(saleNumber,total) VALUES(100000031,'$84.63');
INSERT INTO sale(saleNumber,total) VALUES(100000032,'$20.06');
INSERT INTO sale(saleNumber,total) VALUES(100000033,'$56.23');
INSERT INTO sale(saleNumber,total) VALUES(100000034,'$83.45');
INSERT INTO sale(saleNumber,total) VALUES(100000035,'$47.67');
INSERT INTO sale(saleNumber,total) VALUES(100000036,'$46.10');
INSERT INTO sale(saleNumber,total) VALUES(100000037,'$55.47');
INSERT INTO sale(saleNumber,total) VALUES(100000038,'$25.56');
INSERT INTO sale(saleNumber,total) VALUES(100000039,'$11.83');
INSERT INTO sale(saleNumber,total) VALUES(100000040,'$80.86');
INSERT INTO sale(saleNumber,total) VALUES(100000041,'$91.67');
INSERT INTO sale(saleNumber,total) VALUES(100000042,'$95.32');
INSERT INTO sale(saleNumber,total) VALUES(100000043,'$47.44');
INSERT INTO sale(saleNumber,total) VALUES(100000044,'$43.75');
INSERT INTO sale(saleNumber,total) VALUES(100000045,'$22.40');
INSERT INTO sale(saleNumber,total) VALUES(100000046,'$22.84');
INSERT INTO sale(saleNumber,total) VALUES(100000047,'$62.33');
INSERT INTO sale(saleNumber,total) VALUES(100000048,'$14.57');
INSERT INTO sale(saleNumber,total) VALUES(100000049,'$84.07');
INSERT INTO sale(saleNumber,total) VALUES(100000050,'$68.71');
INSERT INTO sale(saleNumber,total) VALUES(100000051,'$62.20');
INSERT INTO sale(saleNumber,total) VALUES(100000052,'$5.58');
INSERT INTO sale(saleNumber,total) VALUES(100000053,'$81.92');
INSERT INTO sale(saleNumber,total) VALUES(100000054,'$34.03');
INSERT INTO sale(saleNumber,total) VALUES(100000055,'$50.77');
INSERT INTO sale(saleNumber,total) VALUES(100000056,'$23.55');
INSERT INTO sale(saleNumber,total) VALUES(100000057,'$69.25');
INSERT INTO sale(saleNumber,total) VALUES(100000058,'$80.93');
INSERT INTO sale(saleNumber,total) VALUES(100000059,'$55.72');
INSERT INTO sale(saleNumber,total) VALUES(100000060,'$39.62');
INSERT INTO sale(saleNumber,total) VALUES(100000061,'$89.65');
INSERT INTO sale(saleNumber,total) VALUES(100000062,'$33.97');
INSERT INTO sale(saleNumber,total) VALUES(100000063,'$64.75');
INSERT INTO sale(saleNumber,total) VALUES(100000064,'$65.57');
INSERT INTO sale(saleNumber,total) VALUES(100000065,'$20.92');
INSERT INTO sale(saleNumber,total) VALUES(100000066,'$89.27');
INSERT INTO sale(saleNumber,total) VALUES(100000067,'$46.79');
INSERT INTO sale(saleNumber,total) VALUES(100000068,'$24.34');
INSERT INTO sale(saleNumber,total) VALUES(100000069,'$70.36');
INSERT INTO sale(saleNumber,total) VALUES(100000070,'$11.37');
INSERT INTO sale(saleNumber,total) VALUES(100000071,'$71.37');
INSERT INTO sale(saleNumber,total) VALUES(100000072,'$68.59');
INSERT INTO sale(saleNumber,total) VALUES(100000073,'$91.66');
INSERT INTO sale(saleNumber,total) VALUES(100000074,'$33.40');
INSERT INTO sale(saleNumber,total) VALUES(100000075,'$42.91');
INSERT INTO sale(saleNumber,total) VALUES(100000076,'$67.83');
INSERT INTO sale(saleNumber,total) VALUES(100000077,'$81.28');
INSERT INTO sale(saleNumber,total) VALUES(100000078,'$43.67');
INSERT INTO sale(saleNumber,total) VALUES(100000079,'$11.65');
INSERT INTO sale(saleNumber,total) VALUES(100000080,'$89.51');
INSERT INTO sale(saleNumber,total) VALUES(100000081,'$77.75');
INSERT INTO sale(saleNumber,total) VALUES(100000082,'$63.04');
INSERT INTO sale(saleNumber,total) VALUES(100000083,'$97.73');
INSERT INTO sale(saleNumber,total) VALUES(100000084,'$25.35');
INSERT INTO sale(saleNumber,total) VALUES(100000085,'$87.79');
INSERT INTO sale(saleNumber,total) VALUES(100000086,'$12.69');
INSERT INTO sale(saleNumber,total) VALUES(100000087,'$23.70');
INSERT INTO sale(saleNumber,total) VALUES(100000088,'$63.14');
INSERT INTO sale(saleNumber,total) VALUES(100000089,'$55.09');
INSERT INTO sale(saleNumber,total) VALUES(100000090,'$41.01');
INSERT INTO sale(saleNumber,total) VALUES(100000091,'$48.07');
INSERT INTO sale(saleNumber,total) VALUES(100000092,'$62.48');
INSERT INTO sale(saleNumber,total) VALUES(100000093,'$9.11');
INSERT INTO sale(saleNumber,total) VALUES(100000094,'$35.24');
INSERT INTO sale(saleNumber,total) VALUES(100000095,'$4.26');
INSERT INTO sale(saleNumber,total) VALUES(100000096,'$40.85');
INSERT INTO sale(saleNumber,total) VALUES(100000097,'$81.31');
INSERT INTO sale(saleNumber,total) VALUES(100000098,'$70.14');
INSERT INTO sale(saleNumber,total) VALUES(100000099,'$9.15');

INSERT INTO customer(customerID,name,creditCardNo,saleNumber) VALUES(100,'Hops','4416632969083823',100000000);
INSERT INTO customer(customerID,name,creditCardNo,saleNumber) VALUES(150,'Rhondas','4532722786967',100000001);
INSERT INTO customer(customerID,name,creditCardNo,saleNumber) VALUES(200,'Cheyennes','4916 111 04 4780625',100000002);
INSERT INTO customer(customerID,name,creditCardNo,saleNumber) VALUES(250,'Lukes','4716 102 11 9705',100000003);
INSERT INTO customer(customerID,name,creditCardNo,saleNumber) VALUES(300,'Nicholes','4916781672343',100000004);
INSERT INTO customer(customerID,name,creditCardNo,saleNumber) VALUES(350,'Zenas','4556252425065700',100000005);
INSERT INTO customer(customerID,name,creditCardNo,saleNumber) VALUES(400,'Eatons','4024 007 15 8055557',100000006);
INSERT INTO customer(customerID,name,creditCardNo,saleNumber) VALUES(450,'Nicholes','4716 223 24 1067722',100000007);
INSERT INTO customer(customerID,name,creditCardNo,saleNumber) VALUES(500,'Caldwells','4916 822 65 7022259',100000008);
INSERT INTO customer(customerID,name,creditCardNo,saleNumber) VALUES(550,'Galvins','4539285801730465',100000009);
INSERT INTO customer(customerID,name,creditCardNo,saleNumber) VALUES(600,'Zahirs','4556 545 98 9848340',100000010);
INSERT INTO customer(customerID,name,creditCardNo,saleNumber) VALUES(650,'Sydneys','4539 648 28 5636',100000011);
INSERT INTO customer(customerID,name,creditCardNo,saleNumber) VALUES(700,'Tashyas','4485 964 63 5485',100000012);
INSERT INTO customer(customerID,name,creditCardNo,saleNumber) VALUES(750,'Zenas','4556 802 66 3036',100000013);
INSERT INTO customer(customerID,name,creditCardNo,saleNumber) VALUES(800,'Hilarys','4929279588424937',100000014);
INSERT INTO customer(customerID,name,creditCardNo,saleNumber) VALUES(850,'Tanners','4556343387585940',100000015);
INSERT INTO customer(customerID,name,creditCardNo,saleNumber) VALUES(900,'Bernards','4539 686 90 0815',100000016);
INSERT INTO customer(customerID,name,creditCardNo,saleNumber) VALUES(950,'Hedleys','4532 909 27 4266',100000017);
INSERT INTO customer(customerID,name,creditCardNo,saleNumber) VALUES(1000,'Omars','4916671111584',100000018);
INSERT INTO customer(customerID,name,creditCardNo,saleNumber) VALUES(1050,'Kitras','4556227408787066',100000019);
INSERT INTO customer(customerID,name,creditCardNo,saleNumber) VALUES(1100,'Marahs','4916516178432050',100000020);
INSERT INTO customer(customerID,name,creditCardNo,saleNumber) VALUES(1150,'Cecilias','4532220168155',100000021);
INSERT INTO customer(customerID,name,creditCardNo,saleNumber) VALUES(1200,'Roarys','4916 394 28 1144',100000022);
INSERT INTO customer(customerID,name,creditCardNo,saleNumber) VALUES(1250,'Rias','4532 196 19 3039',100000023);
INSERT INTO customer(customerID,name,creditCardNo,saleNumber) VALUES(1300,'Brodys','4916698601575',100000024);
INSERT INTO customer(customerID,name,creditCardNo,saleNumber) VALUES(1350,'Kaitlins','4556907053398',100000025);
INSERT INTO customer(customerID,name,creditCardNo,saleNumber) VALUES(1400,'Jaspers','4929285896235',100000026);
INSERT INTO customer(customerID,name,creditCardNo,saleNumber) VALUES(1450,'Dakotas','4916849458961997',100000027);
INSERT INTO customer(customerID,name,creditCardNo,saleNumber) VALUES(1500,'Cairos','4024 007 11 1830',100000028);
INSERT INTO customer(customerID,name,creditCardNo,saleNumber) VALUES(1550,'Galvins','4485974331940066',100000029);
INSERT INTO customer(customerID,name,creditCardNo,saleNumber) VALUES(1600,'Hannahs','4916 325 71 7307',100000030);
INSERT INTO customer(customerID,name,creditCardNo,saleNumber) VALUES(1650,'Jeremys','4716850567473264',100000031);
INSERT INTO customer(customerID,name,creditCardNo,saleNumber) VALUES(1700,'Vannas','4716928631438',100000032);
INSERT INTO customer(customerID,name,creditCardNo,saleNumber) VALUES(1750,'Marys','4556 486 88 7331',100000033);
INSERT INTO customer(customerID,name,creditCardNo,saleNumber) VALUES(1800,'Carlys','4918 833 58 5233809',100000034);
INSERT INTO customer(customerID,name,creditCardNo,saleNumber) VALUES(1850,'Noels','4539 885 83 9673',100000035);
INSERT INTO customer(customerID,name,creditCardNo,saleNumber) VALUES(1900,'Allegras','4539419872265',100000036);
INSERT INTO customer(customerID,name,creditCardNo,saleNumber) VALUES(1950,'Nicholass','4556880462282950',100000037);
INSERT INTO customer(customerID,name,creditCardNo,saleNumber) VALUES(2000,'Leonards','4929713554638',100000038);
INSERT INTO customer(customerID,name,creditCardNo,saleNumber) VALUES(2050,'Benjamins','4716 110 51 2055934',100000039);
INSERT INTO customer(customerID,name,creditCardNo,saleNumber) VALUES(2100,'Kamals','4539 906 93 8595',100000040);
INSERT INTO customer(customerID,name,creditCardNo,saleNumber) VALUES(2150,'Sachas','4539689158122',100000041);
INSERT INTO customer(customerID,name,creditCardNo,saleNumber) VALUES(2200,'Lillians','4532782887063966',100000042);
INSERT INTO customer(customerID,name,creditCardNo,saleNumber) VALUES(2250,'Phillips','4916329619571449',100000043);
INSERT INTO customer(customerID,name,creditCardNo,saleNumber) VALUES(2300,'Harrisons','4556 015 75 4301115',100000044);
INSERT INTO customer(customerID,name,creditCardNo,saleNumber) VALUES(2350,'Harlans','4539863914266120',100000045);
INSERT INTO customer(customerID,name,creditCardNo,saleNumber) VALUES(2400,'Jenas','4024 007 10 8532671',100000046);
INSERT INTO customer(customerID,name,creditCardNo,saleNumber) VALUES(2450,'Neils','4024007161561203',100000047);
INSERT INTO customer(customerID,name,creditCardNo,saleNumber) VALUES(2500,'Demetriuss','4255 510 66 5835',100000048);
INSERT INTO customer(customerID,name,creditCardNo,saleNumber) VALUES(2550,'Zoes','4906834959644096',100000049);
INSERT INTO customer(customerID,name,creditCardNo,saleNumber) VALUES(2600,'Cadmans','4485 137 90 1020',100000050);
INSERT INTO customer(customerID,name,creditCardNo,saleNumber) VALUES(2650,'Sydnees','4024007118401776',100000051);
INSERT INTO customer(customerID,name,creditCardNo,saleNumber) VALUES(2700,'Darrels','4024007119472818',100000052);
INSERT INTO customer(customerID,name,creditCardNo,saleNumber) VALUES(2750,'Wylies','4929 723 08 5219',100000053);
INSERT INTO customer(customerID,name,creditCardNo,saleNumber) VALUES(2800,'Brynns','4024007140741389',100000054);
INSERT INTO customer(customerID,name,creditCardNo,saleNumber) VALUES(2850,'Eugenias','4539 958 91 8198855',100000055);
INSERT INTO customer(customerID,name,creditCardNo,saleNumber) VALUES(2900,'Katos','4556013693718390',100000056);
INSERT INTO customer(customerID,name,creditCardNo,saleNumber) VALUES(2950,'Barrys','4485512745349',100000057);
INSERT INTO customer(customerID,name,creditCardNo,saleNumber) VALUES(3000,'Xanders','4716 327 07 8555079',100000058);
INSERT INTO customer(customerID,name,creditCardNo,saleNumber) VALUES(3050,'Callums','4532 134 42 8166',100000059);
INSERT INTO customer(customerID,name,creditCardNo,saleNumber) VALUES(3100,'Lilliths','4485 452 35 8758604',100000060);
INSERT INTO customer(customerID,name,creditCardNo,saleNumber) VALUES(3150,'Kelseys','4024 007 19 1189876',100000061);
INSERT INTO customer(customerID,name,creditCardNo,saleNumber) VALUES(3200,'Maxines','4916 980 91 0700',100000062);
INSERT INTO customer(customerID,name,creditCardNo,saleNumber) VALUES(3250,'Rheas','4556 665 06 4058',100000063);
INSERT INTO customer(customerID,name,creditCardNo,saleNumber) VALUES(3300,'Oprahs','4916 616 19 4728075',100000064);
INSERT INTO customer(customerID,name,creditCardNo,saleNumber) VALUES(3350,'Buckminsters','4539898097921',100000065);
INSERT INTO customer(customerID,name,creditCardNo,saleNumber) VALUES(3400,'Aikos','4017 059 55 9187',100000066);
INSERT INTO customer(customerID,name,creditCardNo,saleNumber) VALUES(3450,'Mercedess','4916 800 04 5934542',100000067);
INSERT INTO customer(customerID,name,creditCardNo,saleNumber) VALUES(3500,'Lydias','4929 106 32 2270',100000068);
INSERT INTO customer(customerID,name,creditCardNo,saleNumber) VALUES(3550,'Astras','4916832264389',100000069);
INSERT INTO customer(customerID,name,creditCardNo,saleNumber) VALUES(3600,'Chiquitas','4556677364454',100000070);
INSERT INTO customer(customerID,name,creditCardNo,saleNumber) VALUES(3650,'Laras','4532 870 84 0566',100000071);
INSERT INTO customer(customerID,name,creditCardNo,saleNumber) VALUES(3700,'Carsons','4556 239 48 9062475',100000072);
INSERT INTO customer(customerID,name,creditCardNo,saleNumber) VALUES(3750,'Ulrics','4024007122493538',100000073);
INSERT INTO customer(customerID,name,creditCardNo,saleNumber) VALUES(3800,'Kathleens','4916807421972590',100000074);
INSERT INTO customer(customerID,name,creditCardNo,saleNumber) VALUES(3850,'Demetriuss','4556576588310',100000075);
INSERT INTO customer(customerID,name,creditCardNo,saleNumber) VALUES(3900,'Aimees','4556251337248503',100000076);
INSERT INTO customer(customerID,name,creditCardNo,saleNumber) VALUES(3950,'Germanes','4929 283 00 1552795',100000077);
INSERT INTO customer(customerID,name,creditCardNo,saleNumber) VALUES(4000,'Francess','4556571089919419',100000078);
INSERT INTO customer(customerID,name,creditCardNo,saleNumber) VALUES(4050,'Nelles','4929 285 97 0485311',100000079);
INSERT INTO customer(customerID,name,creditCardNo,saleNumber) VALUES(4100,'MacKenzies','4024 007 10 9693',100000080);
INSERT INTO customer(customerID,name,creditCardNo,saleNumber) VALUES(4150,'Nasims','4716146776809',100000081);
INSERT INTO customer(customerID,name,creditCardNo,saleNumber) VALUES(4200,'Jescies','4532 716 54 6419',100000082);
INSERT INTO customer(customerID,name,creditCardNo,saleNumber) VALUES(4250,'Finns','4485913648001',100000083);
INSERT INTO customer(customerID,name,creditCardNo,saleNumber) VALUES(4300,'Leandras','4916 159 47 0423616',100000084);
INSERT INTO customer(customerID,name,creditCardNo,saleNumber) VALUES(4350,'Cassandras','4024007113059',100000085);
INSERT INTO customer(customerID,name,creditCardNo,saleNumber) VALUES(4400,'Murphys','4485 434 79 6792',100000086);
INSERT INTO customer(customerID,name,creditCardNo,saleNumber) VALUES(4450,'Ignatiuss','4556 809 00 6255651',100000087);
INSERT INTO customer(customerID,name,creditCardNo,saleNumber) VALUES(4500,'Alanas','4916037077289',100000088);
INSERT INTO customer(customerID,name,creditCardNo,saleNumber) VALUES(4550,'Lewiss','4716862979850',100000089);
INSERT INTO customer(customerID,name,creditCardNo,saleNumber) VALUES(4600,'Orlandos','4024 007 19 2268026',100000090);
INSERT INTO customer(customerID,name,creditCardNo,saleNumber) VALUES(4650,'Aldens','4929395450517176',100000091);
INSERT INTO customer(customerID,name,creditCardNo,saleNumber) VALUES(4700,'TaShyas','4532 978 01 9642',100000092);
INSERT INTO customer(customerID,name,creditCardNo,saleNumber) VALUES(4750,'Phylliss','4929070988238740',100000093);
INSERT INTO customer(customerID,name,creditCardNo,saleNumber) VALUES(4800,'Lances','4929331062961791',100000094);
INSERT INTO customer(customerID,name,creditCardNo,saleNumber) VALUES(4850,'Deans','4539070520476',100000095);
INSERT INTO customer(customerID,name,creditCardNo,saleNumber) VALUES(4900,'Lucians','4712620995013535',100000096);
INSERT INTO customer(customerID,name,creditCardNo,saleNumber) VALUES(4950,'Guineveres','4539 734 11 2850',100000097);
INSERT INTO customer(customerID,name,creditCardNo,saleNumber) VALUES(5000,'Sylvias','4024 007 10 4066',100000098);
INSERT INTO customer(customerID,name,creditCardNo,saleNumber) VALUES(5050,'Flynns','4485 220 99 6606',100000099);

INSERT INTO inventory(inventoryID,name,stockQuantity,vendor) VALUES(0,' wings ',1,'Parturient Montes Limited');
INSERT INTO inventory(inventoryID,name,stockQuantity,vendor) VALUES(2,' chicken ',3,'Et Incorporated');
INSERT INTO inventory(inventoryID,name,stockQuantity,vendor) VALUES(4,' marinara sauce ',5,'Dui Cras Pellentesque Corp.');
INSERT INTO inventory(inventoryID,name,stockQuantity,vendor) VALUES(6,'beef ',2,'Ante Bibendum PC');
INSERT INTO inventory(inventoryID,name,stockQuantity,vendor) VALUES(8,' salt ',2,'Interdum Nunc Sollicitudin Associates');
INSERT INTO inventory(inventoryID,name,stockQuantity,vendor) VALUES(10,' marinade ',10,'Aliquet Odio Corp.');
INSERT INTO inventory(inventoryID,name,stockQuantity,vendor) VALUES(12,' wings ',9,'Malesuada Fames Ac Incorporated');
INSERT INTO inventory(inventoryID,name,stockQuantity,vendor) VALUES(14,' rice broccoli ',6,'Scelerisque Scelerisque Industries');
INSERT INTO inventory(inventoryID,name,stockQuantity,vendor) VALUES(16,' chicken ',1,'Praesent Luctus PC');
INSERT INTO inventory(inventoryID,name,stockQuantity,vendor) VALUES(18,' rice broccoli ',2,'Risus Odio Auctor Corp.');
INSERT INTO inventory(inventoryID,name,stockQuantity,vendor) VALUES(20,' pasta ',10,'Lorem Company');
INSERT INTO inventory(inventoryID,name,stockQuantity,vendor) VALUES(22,' pasta ',10,'Aliquet Associates');
INSERT INTO inventory(inventoryID,name,stockQuantity,vendor) VALUES(24,' pasta ',4,'Molestie LLP');
INSERT INTO inventory(inventoryID,name,stockQuantity,vendor) VALUES(26,' marinara sauce ',8,'Vitae Sodales Corp.');
INSERT INTO inventory(inventoryID,name,stockQuantity,vendor) VALUES(28,' pepper ',10,'Non Arcu Ltd');
INSERT INTO inventory(inventoryID,name,stockQuantity,vendor) VALUES(30,' pasta ',5,'Magna Institute');
INSERT INTO inventory(inventoryID,name,stockQuantity,vendor) VALUES(32,' salt ',3,'Felis Orci Corporation');
INSERT INTO inventory(inventoryID,name,stockQuantity,vendor) VALUES(34,' wings ',1,'Turpis Vitae Purus LLP');
INSERT INTO inventory(inventoryID,name,stockQuantity,vendor) VALUES(36,' oysters ',10,'Consequat Auctor Nunc LLP');
INSERT INTO inventory(inventoryID,name,stockQuantity,vendor) VALUES(38,' rice broccoli ',4,'Dolor Ltd');
INSERT INTO inventory(inventoryID,name,stockQuantity,vendor) VALUES(40,' rice broccoli ',7,'Magna Sed Dui Limited');
INSERT INTO inventory(inventoryID,name,stockQuantity,vendor) VALUES(42,' bread ',10,'Justo Foundation');
INSERT INTO inventory(inventoryID,name,stockQuantity,vendor) VALUES(44,'beef ',2,'Diam Luctus Associates');
INSERT INTO inventory(inventoryID,name,stockQuantity,vendor) VALUES(46,' oysters ',10,'Dui Institute');
INSERT INTO inventory(inventoryID,name,stockQuantity,vendor) VALUES(48,' salmon ',4,'Morbi Accumsan Limited');
INSERT INTO inventory(inventoryID,name,stockQuantity,vendor) VALUES(50,' marinade ',7,'Bibendum LLC');
INSERT INTO inventory(inventoryID,name,stockQuantity,vendor) VALUES(52,' rice broccoli ',6,'Netus Ltd');
INSERT INTO inventory(inventoryID,name,stockQuantity,vendor) VALUES(54,' marinara sauce ',6,'Imperdiet Ornare In Corporation');
INSERT INTO inventory(inventoryID,name,stockQuantity,vendor) VALUES(56,' salmon ',4,'In Cursus Corporation');
INSERT INTO inventory(inventoryID,name,stockQuantity,vendor) VALUES(58,' oysters ',1,'Varius LLC');
INSERT INTO inventory(inventoryID,name,stockQuantity,vendor) VALUES(60,' salmon ',3,'Vel Consulting');
INSERT INTO inventory(inventoryID,name,stockQuantity,vendor) VALUES(62,' pepper ',6,'In Tempus Consulting');
INSERT INTO inventory(inventoryID,name,stockQuantity,vendor) VALUES(64,' marinara sauce ',8,'Fringilla Donec LLC');
INSERT INTO inventory(inventoryID,name,stockQuantity,vendor) VALUES(66,' wings ',8,'Aliquam Enim LLC');
INSERT INTO inventory(inventoryID,name,stockQuantity,vendor) VALUES(68,' wings ',5,'Lobortis Limited');
INSERT INTO inventory(inventoryID,name,stockQuantity,vendor) VALUES(70,' marinara sauce ',10,'Eu Dolor Egestas Corp.');
INSERT INTO inventory(inventoryID,name,stockQuantity,vendor) VALUES(72,'beef ',8,'Ullamcorper Magna LLC');
INSERT INTO inventory(inventoryID,name,stockQuantity,vendor) VALUES(74,' chicken ',1,'Convallis Ltd');
INSERT INTO inventory(inventoryID,name,stockQuantity,vendor) VALUES(76,' pasta ',3,'Convallis Associates');
INSERT INTO inventory(inventoryID,name,stockQuantity,vendor) VALUES(78,' pepper ',3,'Dictum Corporation');
INSERT INTO inventory(inventoryID,name,stockQuantity,vendor) VALUES(80,' chicken ',8,'Euismod Ac Fermentum Foundation');
INSERT INTO inventory(inventoryID,name,stockQuantity,vendor) VALUES(82,' chicken ',3,'Libero Limited');
INSERT INTO inventory(inventoryID,name,stockQuantity,vendor) VALUES(84,' rice broccoli ',7,'Et Consulting');
INSERT INTO inventory(inventoryID,name,stockQuantity,vendor) VALUES(86,' pasta ',3,'Pellentesque Habitant Morbi Associates');
INSERT INTO inventory(inventoryID,name,stockQuantity,vendor) VALUES(88,' salt ',4,'Ut Aliquam Iaculis Company');
INSERT INTO inventory(inventoryID,name,stockQuantity,vendor) VALUES(90,' pepper ',3,'Conubia Associates');
INSERT INTO inventory(inventoryID,name,stockQuantity,vendor) VALUES(92,' wings ',6,'Erat Vivamus Limited');
INSERT INTO inventory(inventoryID,name,stockQuantity,vendor) VALUES(94,' wings ',2,'Amet LLP');
INSERT INTO inventory(inventoryID,name,stockQuantity,vendor) VALUES(96,' wings ',3,'Et Arcu Imperdiet LLP');
INSERT INTO inventory(inventoryID,name,stockQuantity,vendor) VALUES(98,' bread ',6,'Ligula Nullam Feugiat Incorporated');
INSERT INTO inventory(inventoryID,name,stockQuantity,vendor) VALUES(100,' marinade ',4,'Duis Sit Amet Corp.');
INSERT INTO inventory(inventoryID,name,stockQuantity,vendor) VALUES(102,' asparagus',3,'Ut Aliquam Iaculis Inc.');
INSERT INTO inventory(inventoryID,name,stockQuantity,vendor) VALUES(104,' oysters ',3,'Aliquam Gravida Mauris Institute');
INSERT INTO inventory(inventoryID,name,stockQuantity,vendor) VALUES(106,' chicken ',3,'Luctus Ipsum Inc.');
INSERT INTO inventory(inventoryID,name,stockQuantity,vendor) VALUES(108,' salmon ',6,'Viverra Company');
INSERT INTO inventory(inventoryID,name,stockQuantity,vendor) VALUES(110,' pasta ',1,'Magnis Dis Ltd');
INSERT INTO inventory(inventoryID,name,stockQuantity,vendor) VALUES(112,' salt ',6,'Augue Sed Molestie Foundation');
INSERT INTO inventory(inventoryID,name,stockQuantity,vendor) VALUES(114,' wings ',3,'Ornare Industries');
INSERT INTO inventory(inventoryID,name,stockQuantity,vendor) VALUES(116,' pasta ',1,'Aenean Gravida Nunc Company');
INSERT INTO inventory(inventoryID,name,stockQuantity,vendor) VALUES(118,'beef ',7,'Felis Eget Varius Associates');
INSERT INTO inventory(inventoryID,name,stockQuantity,vendor) VALUES(120,' salmon ',6,'Facilisis Suspendisse LLC');
INSERT INTO inventory(inventoryID,name,stockQuantity,vendor) VALUES(122,' marinade ',10,'Habitant Morbi Tristique Institute');
INSERT INTO inventory(inventoryID,name,stockQuantity,vendor) VALUES(124,' wings ',10,'Neque In Company');
INSERT INTO inventory(inventoryID,name,stockQuantity,vendor) VALUES(126,' bread ',2,'Ante Maecenas Associates');
INSERT INTO inventory(inventoryID,name,stockQuantity,vendor) VALUES(128,' bread ',4,'Pellentesque Associates');
INSERT INTO inventory(inventoryID,name,stockQuantity,vendor) VALUES(130,' asparagus',5,'Nunc Ullamcorper Eu Industries');
INSERT INTO inventory(inventoryID,name,stockQuantity,vendor) VALUES(132,' bread ',9,'Ut Odio Vel Corporation');
INSERT INTO inventory(inventoryID,name,stockQuantity,vendor) VALUES(134,' marinade ',5,'Nullam Velit Foundation');
INSERT INTO inventory(inventoryID,name,stockQuantity,vendor) VALUES(136,'beef ',10,'Sed Limited');
INSERT INTO inventory(inventoryID,name,stockQuantity,vendor) VALUES(138,' salmon ',1,'Diam Luctus Corporation');
INSERT INTO inventory(inventoryID,name,stockQuantity,vendor) VALUES(140,' oysters ',4,'Aenean Eget Corporation');
INSERT INTO inventory(inventoryID,name,stockQuantity,vendor) VALUES(142,'beef ',6,'Imperdiet Dictum Incorporated');
INSERT INTO inventory(inventoryID,name,stockQuantity,vendor) VALUES(144,' salt ',4,'Pede Corporation');
INSERT INTO inventory(inventoryID,name,stockQuantity,vendor) VALUES(146,' oysters ',3,'Aliquet Phasellus PC');
INSERT INTO inventory(inventoryID,name,stockQuantity,vendor) VALUES(148,' salmon ',8,'Malesuada Malesuada Integer Consulting');
INSERT INTO inventory(inventoryID,name,stockQuantity,vendor) VALUES(150,' wings ',6,'Nec Mollis Vitae Inc.');
INSERT INTO inventory(inventoryID,name,stockQuantity,vendor) VALUES(152,' rice broccoli ',4,'Eu Nibh Incorporated');
INSERT INTO inventory(inventoryID,name,stockQuantity,vendor) VALUES(154,' wings ',4,'Adipiscing Enim Mi Corp.');
INSERT INTO inventory(inventoryID,name,stockQuantity,vendor) VALUES(156,' marinara sauce ',10,'Consequat Auctor Nunc Ltd');
INSERT INTO inventory(inventoryID,name,stockQuantity,vendor) VALUES(158,' marinara sauce ',5,'Mauris Corporation');
INSERT INTO inventory(inventoryID,name,stockQuantity,vendor) VALUES(160,' salt ',4,'Vitae Semper Egestas LLC');
INSERT INTO inventory(inventoryID,name,stockQuantity,vendor) VALUES(162,' salt ',6,'Molestie In Tempus Corp.');
INSERT INTO inventory(inventoryID,name,stockQuantity,vendor) VALUES(164,' rice broccoli ',6,'Dapibus Industries');
INSERT INTO inventory(inventoryID,name,stockQuantity,vendor) VALUES(166,' salmon ',10,'Erat Eget Tincidunt Industries');
INSERT INTO inventory(inventoryID,name,stockQuantity,vendor) VALUES(168,' pasta ',1,'Lectus Convallis Consulting');
INSERT INTO inventory(inventoryID,name,stockQuantity,vendor) VALUES(170,' salt ',9,'Parturient Ltd');
INSERT INTO inventory(inventoryID,name,stockQuantity,vendor) VALUES(172,' rice broccoli ',8,'Mollis Corp.');
INSERT INTO inventory(inventoryID,name,stockQuantity,vendor) VALUES(174,' pepper ',2,'Quis Diam Company');
INSERT INTO inventory(inventoryID,name,stockQuantity,vendor) VALUES(176,' pepper ',2,'Proin Nisl Inc.');
INSERT INTO inventory(inventoryID,name,stockQuantity,vendor) VALUES(178,' asparagus',5,'Nullam Nisl Maecenas Incorporated');
INSERT INTO inventory(inventoryID,name,stockQuantity,vendor) VALUES(180,' chicken ',10,'Cras Eget Nisi LLC');
INSERT INTO inventory(inventoryID,name,stockQuantity,vendor) VALUES(182,'beef ',7,'Tristique Neque LLC');
INSERT INTO inventory(inventoryID,name,stockQuantity,vendor) VALUES(184,' rice broccoli ',9,'Non Corp.');
INSERT INTO inventory(inventoryID,name,stockQuantity,vendor) VALUES(186,' pepper ',6,'A Facilisis Non LLC');
INSERT INTO inventory(inventoryID,name,stockQuantity,vendor) VALUES(188,' bread ',6,'Fames Ac Corporation');
INSERT INTO inventory(inventoryID,name,stockQuantity,vendor) VALUES(190,' chicken ',2,'Rutrum LLC');
INSERT INTO inventory(inventoryID,name,stockQuantity,vendor) VALUES(192,' asparagus',4,'Risus Donec Egestas Incorporated');
INSERT INTO inventory(inventoryID,name,stockQuantity,vendor) VALUES(194,' chicken ',3,'Nunc Company');
INSERT INTO inventory(inventoryID,name,stockQuantity,vendor) VALUES(196,' chicken ',7,'Metus LLP');
INSERT INTO inventory(inventoryID,name,stockQuantity,vendor) VALUES(198,' bread ',7,'Dolor Company');

INSERT INTO seating(tableID,employeeID,visitDate,saleNumber) VALUES(14,111,'02/02/15',100000000);
INSERT INTO seating(tableID,employeeID,visitDate,saleNumber) VALUES(21,111.1,'06/29/14',100000001);
INSERT INTO seating(tableID,employeeID,visitDate,saleNumber) VALUES(1,111.2,'01/17/15',100000002);
INSERT INTO seating(tableID,employeeID,visitDate,saleNumber) VALUES(25,111.3,'12/28/14',100000003);
INSERT INTO seating(tableID,employeeID,visitDate,saleNumber) VALUES(22,111.4,'10/18/13',100000004);
INSERT INTO seating(tableID,employeeID,visitDate,saleNumber) VALUES(11,111.5,'03/05/15',100000005);
INSERT INTO seating(tableID,employeeID,visitDate,saleNumber) VALUES(16,111.6,'08/09/13',100000006);
INSERT INTO seating(tableID,employeeID,visitDate,saleNumber) VALUES(6,111.7,'02/26/15',100000007);
INSERT INTO seating(tableID,employeeID,visitDate,saleNumber) VALUES(251,111.8,'02/13/14',100000008);
INSERT INTO seating(tableID,employeeID,visitDate,saleNumber) VALUES(123,111.9,'07/18/13',100000009);
INSERT INTO seating(tableID,employeeID,visitDate,saleNumber) VALUES(442,112,'05/08/13',100000010);
INSERT INTO seating(tableID,employeeID,visitDate,saleNumber) VALUES(201,112.1,'03/18/13',100000011);
INSERT INTO seating(tableID,employeeID,visitDate,saleNumber) VALUES(855,112.2,'08/04/13',100000012);
INSERT INTO seating(tableID,employeeID,visitDate,saleNumber) VALUES(161,112.3,'09/23/13',100000013);
INSERT INTO seating(tableID,employeeID,visitDate,saleNumber) VALUES(44214,112.4,'10/20/14',100000014);
INSERT INTO seating(tableID,employeeID,visitDate,saleNumber) VALUES(141232,112.5,'09/14/14',100000015);
INSERT INTO seating(tableID,employeeID,visitDate,saleNumber) VALUES(118,112.6,'03/25/14',100000016);
INSERT INTO seating(tableID,employeeID,visitDate,saleNumber) VALUES(232342,112.7,'09/15/14',100000017);
INSERT INTO seating(tableID,employeeID,visitDate,saleNumber) VALUES(2042,112.8,'11/14/13',100000018);
INSERT INTO seating(tableID,employeeID,visitDate,saleNumber) VALUES(1724,112.9,'08/31/14',100000019);
INSERT INTO seating(tableID,employeeID,visitDate,saleNumber) VALUES(1723,113,'11/11/13',100000020);
INSERT INTO seating(tableID,employeeID,visitDate,saleNumber) VALUES(6551,113.1,'11/28/14',100000021);
INSERT INTO seating(tableID,employeeID,visitDate,saleNumber) VALUES(21231,113.2,'09/16/13',100000022);
INSERT INTO seating(tableID,employeeID,visitDate,saleNumber) VALUES(2224,113.3,'05/18/13',100000023);
INSERT INTO seating(tableID,employeeID,visitDate,saleNumber) VALUES(265,113.4,'09/22/13',100000024);
INSERT INTO seating(tableID,employeeID,visitDate,saleNumber) VALUES(10,113.5,'11/14/13',100000025);
INSERT INTO seating(tableID,employeeID,visitDate,saleNumber) VALUES(233,113.6,'05/27/14',100000026);
INSERT INTO seating(tableID,employeeID,visitDate,saleNumber) VALUES(140,113.7,'02/16/15',100000027);
INSERT INTO seating(tableID,employeeID,visitDate,saleNumber) VALUES(262,113.8,'01/31/14',100000028);
INSERT INTO seating(tableID,employeeID,visitDate,saleNumber) VALUES(141,113.9,'06/24/13',100000029);
INSERT INTO seating(tableID,employeeID,visitDate,saleNumber) VALUES(245,114,'09/12/13',100000030);
INSERT INTO seating(tableID,employeeID,visitDate,saleNumber) VALUES(14123,114.1,'04/13/14',100000031);
INSERT INTO seating(tableID,employeeID,visitDate,saleNumber) VALUES(94242,114.2,'03/26/13',100000032);
INSERT INTO seating(tableID,employeeID,visitDate,saleNumber) VALUES(1211,114.3,'12/23/14',100000033);
INSERT INTO seating(tableID,employeeID,visitDate,saleNumber) VALUES(2441,114.4,'01/03/15',100000034);
INSERT INTO seating(tableID,employeeID,visitDate,saleNumber) VALUES(2286,114.5,'05/11/14',100000035);
INSERT INTO seating(tableID,employeeID,visitDate,saleNumber) VALUES(1665,114.6,'03/01/15',100000036);
INSERT INTO seating(tableID,employeeID,visitDate,saleNumber) VALUES(1548,114.7,'03/05/14',100000037);
INSERT INTO seating(tableID,employeeID,visitDate,saleNumber) VALUES(748,114.8,'05/13/13',100000038);
INSERT INTO seating(tableID,employeeID,visitDate,saleNumber) VALUES(2433,114.9,'11/16/13',100000039);
INSERT INTO seating(tableID,employeeID,visitDate,saleNumber) VALUES(9264,115,'09/28/13',100000040);
INSERT INTO seating(tableID,employeeID,visitDate,saleNumber) VALUES(22125,115.1,'07/19/14',100000041);
INSERT INTO seating(tableID,employeeID,visitDate,saleNumber) VALUES(23352,115.2,'01/04/14',100000042);
INSERT INTO seating(tableID,employeeID,visitDate,saleNumber) VALUES(15252,115.3,'11/10/14',100000043);
INSERT INTO seating(tableID,employeeID,visitDate,saleNumber) VALUES(1174,115.4,'06/11/14',100000044);
INSERT INTO seating(tableID,employeeID,visitDate,saleNumber) VALUES(1137,115.5,'05/09/13',100000045);
INSERT INTO seating(tableID,employeeID,visitDate,saleNumber) VALUES(2262,115.6,'05/15/14',100000046);
INSERT INTO seating(tableID,employeeID,visitDate,saleNumber) VALUES(1062,115.7,'06/15/14',100000047);
INSERT INTO seating(tableID,employeeID,visitDate,saleNumber) VALUES(10845,115.8,'10/19/13',100000048);
INSERT INTO seating(tableID,employeeID,visitDate,saleNumber) VALUES(1437,115.9,'08/07/13',100000049);
INSERT INTO seating(tableID,employeeID,visitDate,saleNumber) VALUES(24522,116,'10/03/14',100000050);
INSERT INTO seating(tableID,employeeID,visitDate,saleNumber) VALUES(9141,116.1,'05/03/13',100000051);
INSERT INTO seating(tableID,employeeID,visitDate,saleNumber) VALUES(2163,116.2,'10/18/14',100000052);
INSERT INTO seating(tableID,employeeID,visitDate,saleNumber) VALUES(1373,116.3,'06/22/14',100000053);
INSERT INTO seating(tableID,employeeID,visitDate,saleNumber) VALUES(1383,116.4,'04/09/13',100000054);
INSERT INTO seating(tableID,employeeID,visitDate,saleNumber) VALUES(622,116.5,'11/16/13',100000055);
INSERT INTO seating(tableID,employeeID,visitDate,saleNumber) VALUES(1624,116.6,'02/08/14',100000056);
INSERT INTO seating(tableID,employeeID,visitDate,saleNumber) VALUES(441,116.7,'09/01/14',100000057);
INSERT INTO seating(tableID,employeeID,visitDate,saleNumber) VALUES(8141,116.8,'01/18/15',100000058);
INSERT INTO seating(tableID,employeeID,visitDate,saleNumber) VALUES(1015,116.9,'10/19/14',100000059);
INSERT INTO seating(tableID,employeeID,visitDate,saleNumber) VALUES(215,117,'12/13/14',100000060);
INSERT INTO seating(tableID,employeeID,visitDate,saleNumber) VALUES(1051,117.1,'02/22/14',100000061);
INSERT INTO seating(tableID,employeeID,visitDate,saleNumber) VALUES(615,117.2,'10/01/14',100000062);
INSERT INTO seating(tableID,employeeID,visitDate,saleNumber) VALUES(2115,117.3,'06/09/13',100000063);
INSERT INTO seating(tableID,employeeID,visitDate,saleNumber) VALUES(2515,117.4,'11/19/14',100000064);
INSERT INTO seating(tableID,employeeID,visitDate,saleNumber) VALUES(1115,117.5,'04/10/14',100000065);
INSERT INTO seating(tableID,employeeID,visitDate,saleNumber) VALUES(351,117.6,'11/03/13',100000066);
INSERT INTO seating(tableID,employeeID,visitDate,saleNumber) VALUES(1451,117.7,'01/30/15',100000067);
INSERT INTO seating(tableID,employeeID,visitDate,saleNumber) VALUES(2177,117.8,'11/12/14',100000068);
INSERT INTO seating(tableID,employeeID,visitDate,saleNumber) VALUES(1285,117.9,'06/17/14',100000069);
INSERT INTO seating(tableID,employeeID,visitDate,saleNumber) VALUES(1368,118,'05/13/14',100000070);
INSERT INTO seating(tableID,employeeID,visitDate,saleNumber) VALUES(1658,118.1,'05/12/13',100000071);
INSERT INTO seating(tableID,employeeID,visitDate,saleNumber) VALUES(495,118.2,'10/19/13',100000072);
INSERT INTO seating(tableID,employeeID,visitDate,saleNumber) VALUES(1478,118.3,'10/22/14',100000073);
INSERT INTO seating(tableID,employeeID,visitDate,saleNumber) VALUES(384,118.4,'04/01/14',100000074);
INSERT INTO seating(tableID,employeeID,visitDate,saleNumber) VALUES(5436,118.5,'10/05/13',100000075);
INSERT INTO seating(tableID,employeeID,visitDate,saleNumber) VALUES(1566,118.6,'04/05/14',100000076);
INSERT INTO seating(tableID,employeeID,visitDate,saleNumber) VALUES(10234,118.7,'08/10/14',100000077);
INSERT INTO seating(tableID,employeeID,visitDate,saleNumber) VALUES(1544,118.8,'08/08/14',100000078);
INSERT INTO seating(tableID,employeeID,visitDate,saleNumber) VALUES(1011,118.9,'12/07/13',100000079);
INSERT INTO seating(tableID,employeeID,visitDate,saleNumber) VALUES(722,119,'09/29/14',100000080);
INSERT INTO seating(tableID,employeeID,visitDate,saleNumber) VALUES(1651,119.1,'03/30/13',100000081);
INSERT INTO seating(tableID,employeeID,visitDate,saleNumber) VALUES(1061,119.2,'06/09/13',100000082);
INSERT INTO seating(tableID,employeeID,visitDate,saleNumber) VALUES(2373,119.3,'03/08/15',100000083);
INSERT INTO seating(tableID,employeeID,visitDate,saleNumber) VALUES(12453,119.4,'07/26/13',100000084);
INSERT INTO seating(tableID,employeeID,visitDate,saleNumber) VALUES(16151,119.5,'03/17/14',100000085);
INSERT INTO seating(tableID,employeeID,visitDate,saleNumber) VALUES(24242,119.6,'08/27/14',100000086);
INSERT INTO seating(tableID,employeeID,visitDate,saleNumber) VALUES(3511,119.7,'02/28/15',100000087);
INSERT INTO seating(tableID,employeeID,visitDate,saleNumber) VALUES(85151,119.8,'09/08/13',100000088);
INSERT INTO seating(tableID,employeeID,visitDate,saleNumber) VALUES(4561,119.9,'12/01/13',100000089);
INSERT INTO seating(tableID,employeeID,visitDate,saleNumber) VALUES(18141,120,'08/06/14',100000090);
INSERT INTO seating(tableID,employeeID,visitDate,saleNumber) VALUES(611,120.1,'05/02/14',100000091);
INSERT INTO seating(tableID,employeeID,visitDate,saleNumber) VALUES(2341,120.2,'03/11/13',100000092);
INSERT INTO seating(tableID,employeeID,visitDate,saleNumber) VALUES(463,120.3,'12/04/14',100000093);
INSERT INTO seating(tableID,employeeID,visitDate,saleNumber) VALUES(2022,120.4,'06/21/13',100000094);
INSERT INTO seating(tableID,employeeID,visitDate,saleNumber) VALUES(2225,120.5,'12/02/14',100000095);
INSERT INTO seating(tableID,employeeID,visitDate,saleNumber) VALUES(20512,120.6,'10/22/14',100000096);
INSERT INTO seating(tableID,employeeID,visitDate,saleNumber) VALUES(61,120.7,'10/13/14',100000097);
INSERT INTO seating(tableID,employeeID,visitDate,saleNumber) VALUES(15511,120.8,'01/28/14',100000098);
INSERT INTO seating(tableID,employeeID,visitDate,saleNumber) VALUES(7151,120.9,'10/17/13',100000099);

INSERT INTO customerOrder(saleNumber,menuID,inventoryID) VALUES('100000000','1','2i');
INSERT INTO customerOrder(saleNumber,menuID,inventoryID) VALUES('100000001','2','6i');
INSERT INTO customerOrder(saleNumber,menuID,inventoryID) VALUES('100000002','3','10i');